PassengerId,Age,Fare,Pclass_S,Pclass_T,Sex_male,Embarked_Q,Embarked_S,Title_Miss,Title_Mr,Title_Mrs,Title_Others,Cabin_isin_Y,Family_size_M,Family_size_S
892,0.49983436651007573,-0.92066600887907,0,1,1,1,0,0,1,0,0,0,0,1
893,1.5912645735865478,-0.9818142742560969,0,1,0,0,1,0,0,1,0,0,1,0
894,0.6212014055369794,-0.7836281150656003,1,0,1,1,0,0,1,0,0,0,0,1
895,-0.1550237577358076,-0.8592153943847665,0,1,1,0,1,0,1,0,0,0,0,1
896,-0.5915958405663965,-0.5918945284999106,0,1,0,0,1,0,0,1,0,0,1,0
897,-1.2901111730953387,-0.8177345703681509,0,1,1,0,1,0,1,0,0,0,0,1
898,0.10691949196254573,-0.9354147463071999,0,1,0,1,0,1,0,0,0,0,0,1
899,-0.24233817430192536,0.6405468428382004,1,0,1,0,1,0,1,0,0,0,1,0
900,-0.9408535068308675,-0.96491222116346,0,1,0,0,0,0,0,1,0,0,0,1
901,-0.6789102571325143,0.2828899602060484,0,1,1,0,1,0,1,0,0,0,1,0
902,-0.6081855797139589,-0.9157546793155026,0,1,1,0,1,0,1,0,0,0,0,1
903,1.5039501570204301,0.4193157814162508,0,0,1,0,1,0,1,0,0,0,0,1
904,-0.5042814240002786,0.8768369528063462,0,0,0,0,1,0,0,1,0,1,1,0
905,0.6212014055369794,0.4193157814162508,1,0,1,0,1,0,1,0,0,0,1,0
906,1.5912645735865478,3.01324997658861,0,0,0,0,1,0,0,1,0,1,1,0
907,-0.41696700743416093,0.5462139182478811,1,0,0,0,0,0,0,1,0,0,1,0
908,0.5434915747931346,-0.58728554805362,1,0,1,1,0,0,1,0,0,0,0,1
909,-0.6789102571325143,-0.9652219446494507,0,1,1,0,0,0,1,0,0,0,0,1
910,-0.1550237577358076,-0.9136013636509956,0,1,0,0,1,1,0,0,0,0,1,0
911,1.4166357404543124,-0.9652219446494507,0,1,0,0,0,0,0,1,0,0,0,1
912,2.28977990611549,2.8823549319139565,0,0,1,0,0,0,1,0,0,0,1,0
913,-1.7266832559259275,-1.2641936010550734,0,1,1,0,1,0,0,0,0,0,1,0
914,-0.6081855797139589,0.8384232785427062,0,0,0,0,1,0,0,1,0,0,0,1
915,-0.6789102571325143,3.0283084375027305,0,0,1,0,0,0,1,0,0,0,1,0
916,1.6785789901526658,0.8768369528063462,0,0,0,0,0,0,0,1,0,1,0,0
917,1.8532078232849012,-0.42873662070122276,0,1,1,0,1,0,1,0,0,0,1,0
918,-0.5915958405663965,3.072554649787121,0,0,0,0,0,1,0,0,0,1,1,0
919,-0.5479386322833376,-0.9652219446494507,0,1,1,0,0,0,1,0,0,0,0,1
920,1.0673780741898413,0.7511623735491753,0,0,1,0,1,0,1,0,0,1,0,1
921,0.3129815150585836,0.10068405801893092,0,1,1,0,0,0,1,0,0,0,1,0
922,1.8532078232849012,0.4193157814162508,1,0,1,0,1,0,1,0,0,0,1,0
923,-0.41696700743416093,0.8249060606898251,1,0,1,0,1,0,1,0,0,0,1,0
924,0.36886274166089905,0.01925627867822516,0,1,0,0,1,0,0,1,0,0,1,0
925,0.3129815150585836,0.23126937920759355,0,1,0,0,1,0,0,1,0,0,1,0
926,0.10691949196254573,2.7606778481318845,0,0,1,0,0,0,1,0,0,1,1,0
927,-0.8971962985478087,-0.96491222116346,0,1,1,0,0,0,1,0,0,0,0,1
928,0.3129815150585836,-0.9043834027584144,0,1,0,0,1,1,0,0,0,0,0,1
929,-0.6789102571325143,-0.8592153943847665,0,1,0,0,1,1,0,0,0,0,0,1
930,-0.32965259086804316,-0.7974550564044721,0,1,1,0,1,0,1,0,0,0,0,1
931,-0.6081855797139589,2.6681885157200815,0,1,1,0,1,0,1,0,0,0,0,1
932,0.8927492410576057,-0.5086231569806887,0,1,1,0,0,0,1,0,0,0,1,0
933,0.6212014055369794,0.45987480934360825,0,0,1,0,1,0,1,0,0,1,0,1
934,1.0673780741898413,-0.9191321401865444,0,1,1,0,1,0,1,0,0,0,0,1
935,0.10691949196254573,-0.5393521514121976,1,0,0,0,1,0,0,1,0,0,0,1
936,1.4166357404543124,2.377520398486496,0,0,0,0,1,0,0,1,0,1,1,0
937,-0.32965259086804316,-0.9136013636509956,0,1,1,0,1,0,1,0,0,0,0,1
938,1.4166357404543124,0.6921674238366553,0,0,1,0,0,0,1,0,0,1,0,1
939,-0.6081855797139589,-0.9265065089006095,0,1,1,1,0,0,1,0,0,0,0,1
940,0.6212014055369794,0.8768369528063462,0,0,0,0,0,0,0,1,0,1,0,1
941,0.6308059913592524,-0.32549545870431296,0,1,0,0,1,0,0,1,0,0,1,0
942,-0.41696700743416093,2.9266011441983464,0,0,1,0,1,0,1,0,0,1,1,0
943,-0.1550237577358076,-0.3894091123491142,1,0,1,0,0,0,1,0,0,0,0,1
944,-0.766224673698632,0.19808471999430116,1,0,0,0,1,1,0,0,0,0,1,0
945,-0.06770934116968982,0.8768369528063462,0,0,0,0,1,1,0,0,0,1,0,0
946,0.3129815150585836,-0.3491524335390334,1,0,1,0,0,0,1,0,0,0,0,1
947,-1.6393688393598098,0.6497648037307816,0,1,1,1,0,0,0,0,0,0,0,0
948,0.5434915747931346,-0.9157546793155026,0,1,1,0,1,0,1,0,0,0,0,1
949,-0.32965259086804316,-0.9338808776146744,0,1,1,0,1,0,1,0,0,1,0,1
950,-0.6081855797139589,-0.31074672127618286,0,1,1,0,1,0,1,0,0,0,1,0
951,0.6308059913592524,0.8768369528063462,0,0,0,0,0,1,0,0,0,1,0,1
952,-1.0281679233969854,-0.9157546793155026,0,1,1,0,1,0,1,0,0,0,0,1
953,0.2815483250947813,-0.5024803078418727,1,0,1,0,1,0,1,0,0,0,0,1
954,-0.9408535068308675,-0.9265065089006095,0,1,1,0,1,0,1,0,0,0,0,1
955,-0.5915958405663965,-0.9283501010791257,0,1,0,1,0,1,0,0,0,0,0,1
956,-1.3774255896614565,0.8768369528063462,0,0,1,0,0,0,0,0,0,1,0,0
957,-2.113486121313829,0.05059734571300141,1,0,0,0,1,0,0,1,0,0,0,1
958,-0.9408535068308675,-0.9169788245220374,0,1,0,1,0,1,0,0,0,0,0,1
959,1.5912645735865478,1.6287122505229086,0,0,1,0,1,0,1,0,0,0,0,1
960,0.1942339085286635,0.60644038753565,0,0,1,0,0,0,1,0,0,1,0,1
961,0.6212014055369794,0.8768369528063462,0,0,0,0,1,0,0,1,0,1,0,0
962,-0.41696700743416093,-0.9265065089006095,0,1,0,1,0,1,0,0,0,0,0,1
963,-0.6789102571325143,-0.9157546793155026,0,1,1,0,1,0,1,0,0,0,0,1
964,0.019605075396427956,-0.9136013636509956,0,1,0,0,1,1,0,0,0,0,0,1
965,-0.024052132886630932,0.5462139182478811,0,0,1,0,0,0,1,0,0,1,0,1
966,0.5434915747931346,0.8768369528063462,0,0,0,0,0,1,0,0,0,1,0,1
967,0.3252055333778402,0.8768369528063462,0,0,1,0,0,0,1,0,0,1,0,1
968,0.3129815150585836,-0.9043834027584144,0,1,1,0,1,0,1,0,0,0,0,1
969,2.28977990611549,0.3971926752740558,0,0,0,0,1,0,0,1,0,1,1,0
970,0.10691949196254573,-0.5393521514121976,1,0,1,0,1,0,1,0,0,0,0,1
971,-0.41696700743416093,-0.9265065089006095,0,1,0,1,0,1,0,0,0,0,0,1
972,-1.988626505624281,-0.3737385788317262,0,1,1,0,0,0,0,0,0,0,1,0
973,0.6212014055369794,0.8768369528063462,0,0,1,0,1,0,1,0,0,1,1,0
974,1.7658934067187835,0.4193157814162508,0,0,1,0,1,0,1,0,0,0,0,1
975,0.3129815150585836,-0.9157546793155026,0,1,1,0,1,0,1,0,0,0,0,1
976,-0.6081855797139589,-0.708350559232425,1,0,1,1,0,0,1,0,0,0,0,1
977,0.6212014055369794,-0.43211408157226455,0,1,1,0,0,0,1,0,0,0,1,0
978,-0.1550237577358076,-0.9169788245220374,0,1,0,1,0,1,0,0,0,0,0,1
979,-0.9408535068308675,-0.9043834027584144,0,1,0,0,1,1,0,0,0,0,0,1
980,-0.6081855797139589,-0.9265065089006095,0,1,0,1,0,1,0,0,0,0,0,1
981,-2.337884171888752,0.19808471999430116,1,0,1,0,1,0,0,0,0,0,1,0
982,-0.5915958405663965,-0.47298283298561267,0,1,0,0,1,0,0,1,0,0,1,0
983,0.3129815150585836,-0.9246629167220932,0,1,1,0,1,0,1,0,0,0,0,1
984,-0.1550237577358076,2.3366516470731478,0,0,0,0,1,0,0,1,0,1,1,0
985,0.3129815150585836,-0.9043834027584144,0,1,1,0,1,0,1,0,0,0,0,1
986,-0.32965259086804316,0.4193157814162508,0,0,1,0,0,0,1,0,0,0,0,1
987,-0.32965259086804316,-0.9231290480295677,0,1,1,0,1,0,1,0,0,0,0,1
988,0.6212014055369794,0.8768369528063462,0,0,0,0,1,0,0,1,0,1,1,0
989,0.019605075396427956,-0.9136013636509956,0,1,1,0,1,0,1,0,0,0,0,1
990,-0.766224673698632,-0.9188224167005539,0,1,0,0,1,1,0,0,0,0,0,1
991,0.36886274166089905,-0.9043834027584144,0,1,1,0,1,0,1,0,0,0,0,1
992,1.2420069073220767,2.590455295105122,0,0,0,0,0,0,0,1,0,1,1,0
993,-0.1550237577358076,0.4193157814162508,1,0,1,0,1,0,1,0,0,0,1,0
994,0.3129815150585836,-0.9265065089006095,0,1,1,1,0,0,1,0,0,0,0,1
995,-0.24233817430192536,-0.9246629167220932,0,1,1,0,1,0,1,0,0,0,0,1
996,-1.115482339963103,-0.8699672239698731,0,1,0,0,0,0,0,1,0,0,1,0
997,-0.06770934116968982,0.16305646860249237,0,1,1,0,1,0,1,0,0,0,0,1
998,-0.6789102571325143,-0.9212854558510514,0,1,1,1,0,0,1,0,0,0,0,1
999,0.3129815150585836,-0.9265065089006095,0,1,1,1,0,0,1,0,0,0,0,1
1000,0.3129815150585836,-0.8555282100277339,0,1,1,0,1,0,1,0,0,0,0,1
1001,-0.8971962985478087,-0.5393521514121976,1,0,1,0,1,0,1,0,0,1,0,1
1002,1.0673780741898413,-0.3884873162598561,1,0,1,0,0,0,1,0,0,0,0,1
1003,-0.6081855797139589,-0.9243531932361025,0,1,0,1,0,1,0,0,0,0,0,1
1004,0.6308059913592524,0.8381209294254297,0,0,0,0,0,1,0,0,0,1,0,1
1005,-0.8971962985478087,-0.9609226876891507,0,1,0,1,0,1,0,0,0,0,0,1
1006,0.6212014055369794,0.8768369528063462,0,0,0,0,1,0,0,1,0,1,1,0
1007,-0.9408535068308675,-0.43211408157226455,0,1,1,0,0,0,1,0,0,0,1,0
1008,0.3129815150585836,-1.0232950982727125,0,1,1,0,0,0,1,0,0,0,0,1
1009,-2.4251985884548697,-0.2665005089917931,0,1,0,0,1,1,0,0,0,1,1,0
1010,0.6308059913592524,0.8768369528063462,0,0,1,0,0,0,1,0,0,1,0,1
1011,0.019605075396427956,0.4193157814162508,1,0,0,0,1,0,0,1,0,0,1,0
1012,-1.4647400062275742,-0.3365570117754104,1,0,0,0,1,1,0,0,0,0,0,1
1013,0.3129815150585836,-0.9265065089006095,0,1,1,1,0,0,1,0,0,0,1,0
1014,0.5434915747931346,2.7606778481318845,0,0,0,0,0,0,0,1,0,1,1,0
1015,-0.06770934116968982,-0.9633783524709344,0,1,1,0,1,0,1,0,0,0,0,1
1016,0.3129815150585836,-0.9265065089006095,0,1,1,1,0,0,1,0,0,0,0,1
1017,-1.0281679233969854,-0.31074672127618286,0,1,0,0,1,1,0,0,0,0,1,0
1018,-0.5915958405663965,-0.9231290480295677,0,1,1,0,1,0,1,0,0,0,0,1
1019,0.3129815150585836,0.21652064177946365,0,1,0,1,0,1,0,0,0,0,1,0
1020,1.154692490755959,-0.5393521514121976,1,0,1,0,1,0,1,0,0,0,0,1
1021,-0.41696700743416093,-0.9043834027584144,0,1,1,0,1,0,1,0,0,0,0,1
1022,0.2815483250947813,-0.9043834027584144,0,1,1,0,1,0,1,0,0,0,0,1
1023,2.1151510729832546,0.6036749992678755,0,0,1,0,0,0,0,0,1,1,0,1
1024,0.6212014055369794,0.3799882730641422,0,1,0,0,1,0,0,1,0,0,0,0
1025,0.6212014055369794,-1.0232950982727125,0,1,1,0,0,0,1,0,0,0,1,0
1026,1.2420069073220767,-0.9157546793155026,0,1,1,0,1,0,1,0,0,0,0,1
1027,-0.41696700743416093,-0.9188224167005539,0,1,1,0,1,0,1,0,0,0,0,1
1028,-0.19868096601886648,-0.9652219446494507,0,1,1,0,0,0,1,0,0,0,0,1
1029,-0.24233817430192536,-0.5393521514121976,1,0,1,0,1,0,1,0,0,0,0,1
1030,-0.5042814240002786,-0.9043834027584144,0,1,0,0,1,1,0,0,0,0,0,1
1031,0.9800636576237235,1.9605588426558331,0,1,1,0,1,0,1,0,0,0,0,0
1032,-1.6393688393598098,1.9605588426558331,0,1,0,0,1,1,0,0,0,0,0,0
1033,0.36886274166089905,0.8768369528063462,0,0,0,0,1,1,0,0,0,0,0,1
1034,0.6212014055369794,0.8768369528063462,0,0,1,0,0,0,1,0,0,1,0,0
1035,-0.06770934116968982,0.4193157814162508,1,0,1,0,1,0,1,0,0,0,0,1
1036,1.154692490755959,0.45987480934360825,0,0,1,0,1,0,1,0,0,0,0,1
1037,0.1942339085286635,-0.17063371570894822,0,1,1,0,1,0,1,0,0,0,1,0
1038,0.3129815150585836,2.326511890091308,0,0,1,0,1,0,1,0,0,1,0,1
1039,-0.5915958405663965,-0.9043834027584144,0,1,1,0,1,0,1,0,0,0,0,1
1040,0.3129815150585836,0.45987480934360825,0,0,1,0,1,0,1,0,0,0,0,1
1041,0.10691949196254573,0.4193157814162508,1,0,1,0,1,0,0,0,1,0,1,0
1042,-0.5042814240002786,0.8768369528063462,0,0,0,0,0,0,0,1,0,1,1,0
1043,0.6212014055369794,-0.9157546793155026,0,1,1,0,0,0,1,0,0,0,0,1
1044,0.6212014055369794,1.1292601574085182,0,1,1,0,1,0,1,0,0,0,0,1
1045,0.6308059913592524,-0.5995786206999664,0,1,0,0,1,0,0,1,0,0,1,0
1046,-1.3774255896614565,0.8166098958865019,0,1,1,0,1,0,0,0,0,0,0,0
1047,-0.41696700743416093,-0.9412552463287394,0,1,1,0,1,0,1,0,0,0,0,1
1048,0.019605075396427956,0.8768369528063462,0,0,0,0,1,1,0,0,0,1,0,1
1049,-0.5042814240002786,-0.9188224167005539,0,1,0,0,1,1,0,0,0,0,0,1
1050,1.154692490755959,0.45987480934360825,0,0,1,0,1,0,1,0,0,1,0,1
1051,-0.24233817430192536,-0.4822007938781939,0,1,0,0,1,0,0,1,0,0,1,0
1052,0.3129815150585836,-0.9277380284758583,0,1,0,1,0,1,0,0,0,0,0,1
1053,-1.9013120890581632,-0.3737385788317262,0,1,1,0,0,0,0,0,0,0,1,0
1054,-0.24233817430192536,-0.5024803078418727,1,0,0,0,1,1,0,0,0,0,0,1
1055,0.3129815150585836,-0.9818142742560969,0,1,1,0,1,0,1,0,0,0,0,1
1056,1.0673780741898413,-0.5393521514121976,1,0,1,0,1,0,0,0,1,0,0,1
1057,-0.24233817430192536,0.12618462503216743,0,1,0,0,1,0,0,1,0,0,1,0
1058,1.6785789901526658,2.225726392876182,0,0,1,0,0,0,1,0,0,1,0,1
1059,-0.9408535068308675,1.0369191612191935,0,1,1,0,1,0,1,0,0,0,0,0
1060,0.3129815150585836,0.5462139182478811,0,0,0,0,0,0,0,1,0,0,0,1
1061,-0.5915958405663965,-0.8370922882425714,0,1,0,0,1,1,0,0,0,0,0,1
1062,0.3129815150585836,-0.9412552463287394,0,1,1,0,1,0,1,0,0,0,0,1
1063,-0.1550237577358076,-0.9652219446494507,0,1,1,0,0,0,1,0,0,0,0,1
1064,-0.5042814240002786,-0.47298283298561267,0,1,1,0,1,0,1,0,0,0,1,0
1065,0.3129815150585836,-0.96491222116346,0,1,1,0,0,0,1,0,0,0,0,1
1066,0.9800636576237235,0.8166098958865019,0,1,1,0,1,0,1,0,0,0,0,0
1067,-1.2027967565292208,1.3779837142446991,1,0,0,0,1,1,0,0,0,0,1,0
1068,-0.766224673698632,1.212060418178237,1,0,0,0,1,1,0,0,0,0,0,1
1069,2.2024654895493723,2.590455295105122,0,0,1,0,0,0,1,0,0,1,1,0
1070,0.6308059913592524,1.3779837142446991,1,0,0,0,1,0,0,1,0,1,1,0
1071,0.6212014055369794,0.8768369528063462,0,0,0,0,0,0,0,1,0,1,1,0
1072,0.10691949196254573,-0.5393521514121976,1,0,1,0,1,0,1,0,0,0,0,1
1073,0.7181204079253701,0.8768369528063462,0,0,1,0,0,0,1,0,0,1,1,0
1074,-0.9408535068308675,2.4177697029278624,0,0,0,0,1,0,0,1,0,1,1,0
1075,-2.113486121313829,-0.9265065089006095,0,1,1,1,0,0,1,0,0,0,0,1
1076,-0.1550237577358076,0.8768369528063462,0,0,0,0,0,0,0,1,0,1,1,0
1077,0.9800636576237235,-0.31812108999024796,1,0,1,0,1,0,1,0,0,0,0,1
1078,-0.6789102571325143,0.05059734571300141,1,0,0,0,1,1,0,0,0,0,1,0
1079,-1.0281679233969854,-0.9043834027584144,0,1,1,0,1,0,1,0,0,0,1,0
1080,0.3129815150585836,0.8768369528063462,0,1,0,0,1,1,0,0,0,0,0,0
1081,0.9800636576237235,-0.5393521514121976,1,0,1,0,1,0,1,0,0,0,0,1
1082,0.4561771582270168,0.4193157814162508,1,0,1,0,1,0,1,0,0,0,1,0
1083,0.3129815150585836,0.4193157814162508,0,0,1,0,1,0,1,0,0,0,0,1
1084,-1.508397214510633,-0.42873662070122276,0,1,1,0,1,0,0,0,0,0,1,0
1085,0.6212014055369794,-0.58728554805362,1,0,1,1,0,0,1,0,0,0,0,1
1086,-1.8139976724920452,0.898649747830475,1,0,1,0,1,0,0,0,0,0,1,0
1087,0.36886274166089905,-0.9188224167005539,0,1,1,0,1,0,1,0,0,0,0,1
1088,-1.988626505624281,0.8768369528063462,0,0,1,0,0,0,0,0,0,1,1,0
1089,-0.9408535068308675,-0.9246629167220932,0,1,0,0,1,1,0,0,0,0,0,1
1090,-0.5042814240002786,-0.7237113692638223,1,0,1,0,1,0,1,0,0,0,0,1
1091,-0.6081855797139589,-0.8997744223121238,0,1,0,0,1,0,0,1,0,0,0,1
1092,0.3129815150585836,-0.35499293356057293,0,1,0,1,0,1,0,0,0,0,0,1
1093,-0.6081855797139589,-0.43611098941528775,0,1,1,0,1,0,0,0,0,0,1,0
1094,1.5912645735865478,0.8768369528063462,0,0,1,0,0,0,0,0,1,1,1,0
1095,-1.8139976724920452,0.4193157814162508,1,0,0,0,1,1,0,0,0,0,1,0
1096,-0.32965259086804316,-0.7237113692638223,1,0,1,0,1,0,1,0,0,0,0,1
1097,-0.6081855797139589,0.40026778702782106,0,0,1,0,0,0,1,0,0,0,0,1
1098,0.5434915747931346,-0.9265065089006095,0,1,0,1,0,1,0,0,0,0,0,1
1099,-0.41696700743416093,-0.7237113692638223,1,0,1,0,1,0,1,0,0,0,0,1
1100,0.36886274166089905,0.5462139182478811,0,0,0,0,0,1,0,0,0,1,0,1
1101,-0.32965259086804316,-0.9157546793155026,0,1,1,0,1,0,1,0,0,0,0,1
1102,0.2815483250947813,0.16305646860249237,0,1,1,0,1,0,1,0,0,0,0,1
1103,-0.6081855797139589,-0.9781270898990643,0,1,1,0,1,0,1,0,0,0,0,1
1104,-1.0281679233969854,0.8768369528063462,1,0,1,0,1,0,1,0,0,0,0,1
1105,0.6212014055369794,0.4193157814162508,1,0,0,0,1,0,0,1,0,0,1,0
1106,0.805434824491488,-0.9246629167220932,0,1,0,0,1,1,0,0,0,0,0,0
1107,1.154692490755959,1.6360866192369738,0,0,1,0,1,0,1,0,0,1,0,1
1108,-0.6081855797139589,-0.9169788245220374,0,1,0,1,0,1,0,0,0,0,0,1
1109,2.464408739247726,0.8768369528063462,0,0,1,0,1,0,1,0,0,0,1,0
1110,1.8532078232849012,0.8768369528063462,0,0,0,0,0,0,0,1,0,1,1,0
1111,0.3129815150585836,-0.9043834027584144,0,1,1,0,1,0,1,0,0,0,0,1
1112,0.10691949196254573,-0.47605794473937785,1,0,0,0,0,1,0,0,0,0,1,0
1113,-0.6789102571325143,-0.9043834027584144,0,1,1,0,1,0,1,0,0,0,0,1
1114,-0.5915958405663965,-0.7237113692638223,1,0,0,0,1,0,0,1,0,1,0,1
1115,-0.6789102571325143,-0.9231290480295677,0,1,1,0,1,0,1,0,0,0,0,1
1116,2.1151510729832546,0.5259344042842022,0,0,0,0,0,0,0,1,0,0,0,1
1117,0.3129815150585836,-0.3737385788317262,0,1,0,0,0,0,0,1,0,0,1,0
1118,-0.5042814240002786,-0.9231290480295677,0,1,1,0,1,0,1,0,0,0,0,1
1119,0.3129815150585836,-0.9265065089006095,0,1,0,1,0,1,0,0,0,0,0,1
1120,1.0237208659067825,-0.3844904084168329,0,1,1,0,1,0,1,0,0,0,0,1
1121,0.6308059913592524,-0.5393521514121976,1,0,1,0,1,0,1,0,0,0,0,1
1122,-1.2901111730953387,3.2953195799015957,1,0,1,0,1,0,1,0,0,0,0,1
1123,-0.6789102571325143,0.45987480934360825,0,0,0,0,1,1,0,0,0,0,0,1
1124,-0.6789102571325143,-1.0189958413124125,0,1,1,0,1,0,1,0,0,0,1,0
1125,-0.6081855797139589,-0.9169788245220374,0,1,1,1,0,0,1,0,0,0,0,1
1126,0.8927492410576057,0.8768369528063462,0,0,1,0,0,0,1,0,0,1,1,0
1127,-0.766224673698632,-0.9188224167005539,0,1,1,0,1,0,1,0,0,0,0,1
1128,0.6212014055369794,0.8768369528063462,0,0,1,0,0,0,1,0,0,1,1,0
1129,-0.766224673698632,-0.9652219446494507,0,1,1,0,0,0,1,0,0,0,0,1
1130,-0.9408535068308675,-0.5393521514121976,1,0,0,0,1,1,0,0,0,0,1,0
1131,1.6785789901526658,0.8768369528063462,0,0,0,0,0,0,0,1,0,1,1,0
1132,2.28977990611549,0.5462139182478811,0,0,0,0,0,0,0,1,0,0,0,1
1133,1.4166357404543124,0.7142905299788503,1,0,0,0,1,0,0,1,0,0,1,0
1134,1.4166357404543124,0.8768369528063462,0,0,1,0,0,0,1,0,0,1,1,0
1135,0.3129815150585836,-0.9163667519187702,0,1,1,0,1,0,1,0,0,0,0,1
1136,0.3129815150585836,0.23126937920759355,0,1,1,0,1,0,0,0,0,0,1,0
1137,1.0673780741898413,2.326511890091308,0,0,1,0,1,0,1,0,0,1,1,0
1138,-0.5915958405663965,0.05059734571300141,1,0,0,0,1,0,0,1,0,0,0,1
1139,1.154692490755959,0.898649747830475,1,0,1,0,1,0,1,0,0,0,1,0
1140,0.019605075396427956,0.4193157814162508,1,0,0,0,1,0,0,1,0,0,1,0
1141,1.2385143306594322,-0.43211408157226455,0,1,0,0,0,0,0,1,0,0,1,0
1142,-2.432183741780159,0.5483672339123881,1,0,0,0,1,1,0,0,0,0,1,0
1143,-0.766224673698632,-0.9136013636509956,0,1,1,0,1,0,1,0,0,0,0,1
1144,-0.1550237577358076,0.8768369528063462,0,0,1,0,0,0,1,0,0,1,1,0
1145,-0.41696700743416093,-0.810360201654086,0,1,1,0,1,0,1,0,0,0,0,1
1146,0.3252055333778402,-0.7974550564044721,0,1,1,0,1,0,1,0,0,0,0,1
1147,0.6212014055369794,-0.9412552463287394,0,1,1,0,1,0,1,0,0,0,0,1
1148,0.6212014055369794,-0.9265065089006095,0,1,1,1,0,0,1,0,0,0,0,1
1149,-0.06770934116968982,-0.9043834027584144,0,1,1,0,1,0,1,0,0,0,0,1
1150,-0.8535390902647498,-0.5393521514121976,1,0,0,0,1,1,0,0,0,0,0,1
1151,-0.6789102571325143,-0.9246629167220932,0,1,1,0,1,0,1,0,0,0,0,1
1152,0.6744631996423113,-0.21487992799333824,0,1,1,0,1,0,1,0,0,0,1,0
1153,-0.6789102571325143,-0.9188224167005539,0,1,1,0,1,0,1,0,0,0,0,1
1154,0.019605075396427956,0.19808471999430116,1,0,0,0,1,0,0,1,0,0,1,0
1155,-2.4251985884548697,-0.5995786206999664,0,1,0,0,1,1,0,0,0,0,1,0
1156,0.10691949196254573,-0.5587098692866181,1,0,1,0,0,0,1,0,0,0,0,1
1157,0.3129815150585836,-0.9157546793155026,0,1,1,0,1,0,1,0,0,0,0,1
1158,0.3129815150585836,1.1292601574085182,0,0,1,0,1,0,1,0,0,0,0,1
1159,0.3129815150585836,-0.9412552463287394,0,1,1,0,1,0,1,0,0,0,0,1
1160,0.6212014055369794,-0.9043834027584144,0,1,0,0,1,1,0,0,0,0,0,1
1161,-1.0281679233969854,-0.8592153943847665,0,1,1,0,1,0,1,0,0,0,0,1
1162,1.5039501570204301,0.8768369528063462,0,0,1,0,0,0,1,0,0,1,0,1
1163,0.3129815150585836,-0.9265065089006095,0,1,1,1,0,0,1,0,0,0,0,1
1164,-0.24233817430192536,0.8768369528063462,0,0,0,0,0,0,0,1,0,1,1,0
1165,0.3129815150585836,-0.35499293356057293,0,1,0,1,0,1,0,0,0,0,1,0
1166,-0.6081855797139589,-0.9652219446494507,0,1,1,0,0,0,1,0,0,0,0,1
1167,-0.766224673698632,0.4193157814162508,1,0,0,0,1,1,0,0,0,0,1,0
1168,-0.06770934116968982,-0.7237113692638223,1,0,1,0,1,0,1,0,0,0,0,1
1169,0.9800636576237235,0.4193157814162508,1,0,1,0,1,0,1,0,0,0,1,0
1170,0.10691949196254573,0.05059734571300141,1,0,1,0,1,0,1,0,0,0,1,0
1171,-0.5915958405663965,-0.7237113692638223,1,0,1,0,1,0,1,0,0,0,0,1
1172,-0.5042814240002786,-0.8592153943847665,0,1,0,0,1,1,0,0,0,0,0,1
1173,-2.447027192596399,-0.4822007938781939,0,1,1,0,1,0,0,0,0,0,1,0
1174,0.3129815150585836,-0.9265065089006095,0,1,0,1,0,1,0,0,0,0,0,1
1175,-1.7266832559259275,-0.3737385788317262,0,1,0,0,0,1,0,0,0,0,1,0
1176,-2.337884171888752,-0.00747580791026047,0,1,0,0,1,1,0,0,0,0,1,0
1177,0.6308059913592524,-0.9633783524709344,0,1,1,0,1,0,1,0,0,0,0,1
1178,0.3129815150585836,-0.9633783524709344,0,1,1,0,1,0,1,0,0,0,0,1
1179,-0.41696700743416093,0.8768369528063462,0,0,1,0,1,0,1,0,0,1,1,0
1180,0.3129815150585836,-0.96491222116346,0,1,1,0,0,0,1,0,0,1,0,1
1181,-0.6081855797139589,-0.9043834027584144,0,1,1,0,1,0,1,0,0,0,0,1
1182,-0.6081855797139589,1.4222299265290892,0,0,1,0,1,0,1,0,0,0,0,1
1183,0.10691949196254573,-0.9855014586131294,0,1,0,1,0,1,0,0,0,0,0,1
1184,0.3129815150585836,-0.96491222116346,0,1,1,0,0,0,1,0,0,0,0,1
1185,2.1151510729832546,0.8768369528063462,0,0,1,0,1,0,0,0,1,1,1,0
1186,0.6308059913592524,-0.7974550564044721,0,1,1,0,1,0,1,0,0,0,0,1
1187,-0.24233817430192536,-0.9157546793155026,0,1,1,0,1,0,1,0,0,0,0,1
1188,-2.4251985884548697,1.5681834321178634,1,0,0,0,0,1,0,0,0,0,1,0
1189,-0.6081855797139589,0.10068405801893092,0,1,1,0,0,0,1,0,0,0,1,0
1190,0.10691949196254573,1.8573176806589233,0,0,1,0,1,0,1,0,0,0,0,1
1191,0.019605075396427956,-0.9188224167005539,0,1,1,0,1,0,1,0,0,0,0,1
1192,0.2815483250947813,-0.9246629167220932,0,1,1,0,1,0,1,0,0,0,0,1
1193,0.3129815150585836,-0.3884873162598561,1,0,1,0,0,0,1,0,0,1,0,1
1194,1.2420069073220767,0.05059734571300141,1,0,1,0,1,0,1,0,0,0,1,0
1195,-0.41696700743416093,-0.8592153943847665,0,1,1,0,1,0,1,0,0,0,0,1
1196,0.3129815150585836,-0.9265065089006095,0,1,0,1,0,1,0,0,0,0,0,1
1197,0.6212014055369794,0.45987480934360825,0,0,0,0,1,0,0,1,0,1,1,0
1198,0.10691949196254573,0.8768369528063462,0,0,1,0,1,0,1,0,0,1,1,0
1199,-2.44004203927111,-0.8085166094755697,0,1,1,0,1,0,0,0,0,0,1,0
1200,2.28977990611549,0.8768369528063462,0,0,1,0,1,0,1,0,0,1,1,0
1201,1.4166357404543124,-0.45762202295421534,0,1,0,0,1,0,0,1,0,0,1,0
1202,-0.9408535068308675,-0.8592153943847665,0,1,1,0,1,0,1,0,0,0,0,1
1203,-0.5915958405663965,-0.9652219446494507,0,1,1,0,0,0,1,0,0,0,0,1
1204,0.6212014055369794,-0.9394116541502232,0,1,1,0,1,0,1,0,0,0,0,1
1205,0.7181204079253701,-0.9265065089006095,0,1,0,1,0,1,0,0,0,0,0,1
1206,2.28977990611549,0.8768369528063462,0,0,0,0,0,0,0,1,0,1,0,1
1207,-1.0281679233969854,-0.9277380284758583,0,1,0,1,0,1,0,0,0,0,0,1
1208,2.464408739247726,0.8768369528063462,0,0,1,0,0,0,1,0,0,1,1,0
1209,-0.8535390902647498,-0.7237113692638223,1,0,1,0,1,0,1,0,0,0,0,1
1210,-0.1550237577358076,-0.9188224167005539,0,1,1,0,1,0,1,0,0,0,0,1
1211,-0.5915958405663965,0.8249060606898251,1,0,1,0,1,0,1,0,0,0,1,0
1212,-0.24233817430192536,-0.9246629167220932,0,1,1,0,1,0,1,0,0,0,0,1
1213,-0.32965259086804316,-0.96491222116346,0,1,1,0,0,0,1,0,0,1,0,1
1214,-0.24233817430192536,-0.5393521514121976,1,0,1,0,1,0,1,0,0,1,0,1
1215,0.36886274166089905,0.45987480934360825,0,0,1,0,1,0,1,0,0,0,0,1
1216,0.8927492410576057,0.8768369528063462,0,0,0,0,1,1,0,0,0,0,0,1
1217,-0.5042814240002786,-0.9781270898990643,0,1,1,0,1,0,1,0,0,0,0,1
1218,-1.4647400062275742,1.3779837142446991,1,0,0,0,1,1,0,0,0,1,1,0
1219,1.5039501570204301,0.8768369528063462,0,0,1,0,0,0,1,0,0,0,0,1
1220,0.019605075396427956,0.4193157814162508,1,0,1,0,1,0,1,0,0,0,1,0
1221,-0.6789102571325143,-0.5393521514121976,1,0,1,0,1,0,1,0,0,0,0,1
1222,1.6785789901526658,1.212060418178237,1,0,0,0,1,0,0,1,0,0,1,0
1223,0.8927492410576057,0.6921674238366553,0,0,1,0,0,0,1,0,0,1,0,1
1224,0.3129815150585836,-0.9652219446494507,0,1,1,0,0,0,1,0,0,0,0,1
1225,-0.8535390902647498,-0.3371690843786778,0,1,0,0,0,0,0,1,0,0,1,0
1226,-0.1550237577358076,-0.9157546793155026,0,1,1,0,1,0,1,0,0,0,0,1
1227,0.10691949196254573,0.4193157814162508,0,0,1,0,1,0,1,0,0,1,0,1
1228,0.2815483250947813,-0.5393521514121976,1,0,1,0,1,0,1,0,0,0,0,1
1229,0.8927492410576057,-0.96491222116346,0,1,1,0,0,0,1,0,0,0,1,0
1230,-0.32965259086804316,0.8249060606898251,1,0,1,0,1,0,1,0,0,0,0,1
1231,0.3129815150585836,-0.96491222116346,0,1,1,0,0,0,0,0,0,0,0,1
1232,-0.9408535068308675,-0.7237113692638223,1,0,1,0,1,0,1,0,0,0,0,1
1233,0.2815483250947813,-0.9391019306642324,0,1,1,0,1,0,1,0,0,0,0,1
1234,0.3129815150585836,0.8768369528063462,0,1,1,0,1,0,1,0,0,0,0,0
1235,0.6212014055369794,0.8768369528063462,0,0,0,0,0,0,0,1,0,1,1,0
1236,0.3129815150585836,-0.42873662070122276,0,1,1,0,1,0,0,0,0,0,1,0
1237,-1.115482339963103,-0.9338808776146744,0,1,0,0,1,1,0,0,0,0,0,1
1238,-0.24233817430192536,-0.5393521514121976,1,0,1,0,1,0,1,0,0,0,0,1
1239,0.805434824491488,-0.96491222116346,0,1,0,0,0,0,0,1,0,0,0,1
1240,-0.41696700743416093,-0.5024803078418727,1,0,1,0,1,0,1,0,0,0,0,1
1241,0.1942339085286635,0.05059734571300141,1,0,0,0,1,1,0,0,0,0,0,1
1242,1.4166357404543124,3.174254568722791,0,0,0,0,0,0,0,1,0,1,1,0
1243,-0.32965259086804316,-0.7237113692638223,1,0,1,0,1,0,1,0,0,0,0,1
1244,-0.9408535068308675,0.8768369528063462,1,0,1,0,1,0,1,0,0,0,0,1
1245,1.7658934067187835,3.2953195799015957,1,0,1,0,1,0,1,0,0,0,1,0
1246,-0.6081855797139589,0.01925627867822516,0,1,0,0,1,1,0,0,0,0,1,0
1247,1.8532078232849012,0.4193157814162508,0,0,1,0,1,0,1,0,0,1,0,1
1248,0.6212014055369794,2.298245934810297,0,0,0,0,1,0,0,1,0,1,1,0
1249,-0.6081855797139589,-0.9169788245220374,0,1,1,0,1,0,1,0,0,0,0,1
1250,-0.6081855797139589,-0.9265065089006095,0,1,1,1,0,0,1,0,0,0,0,1
1251,0.10691949196254573,-0.35130574920354035,0,1,0,0,1,0,0,1,0,0,1,0
1252,-1.2464539648122799,0.8768369528063462,0,1,1,0,1,0,0,0,0,0,0,0
1253,-0.41696700743416093,1.23080606344939,1,0,0,0,0,0,0,1,0,0,1,0
1254,0.1942339085286635,0.05059734571300141,1,0,0,0,1,0,0,1,0,0,0,1
1255,-0.1550237577358076,-0.8592153943847665,0,1,1,0,1,0,1,0,0,0,0,1
1256,-0.32965259086804316,2.590455295105122,0,0,0,0,0,0,0,1,0,1,1,0
1257,0.3129815150585836,0.8768369528063462,0,1,0,0,1,0,0,1,0,0,0,0
1258,0.6212014055369794,-0.43181173245498794,0,1,1,0,0,0,1,0,0,0,1,0
1259,-0.5915958405663965,1.428682499153896,0,1,0,0,1,1,0,0,0,0,0,1
1260,1.4166357404543124,2.8823549319139565,0,0,0,0,0,0,0,1,0,0,1,0
1261,0.019605075396427956,-0.47605794473937785,1,0,1,0,0,0,1,0,0,0,0,1
1262,-0.6789102571325143,-0.6499676821231725,1,0,1,0,1,0,1,0,0,0,1,0
1263,0.1942339085286635,0.8768369528063462,0,0,0,0,0,1,0,0,0,1,0,1
1264,1.7658934067187835,1.1292601574085182,0,0,1,0,1,0,1,0,0,1,0,1
1265,1.3293213238881947,-0.5393521514121976,1,0,1,0,1,0,1,0,0,0,0,1
1266,2.2024654895493723,0.8768369528063462,0,0,0,0,1,0,0,1,0,1,1,0
1267,1.4166357404543124,0.8768369528063462,0,0,0,0,0,1,0,0,0,0,0,1
1268,-0.5915958405663965,-0.8592153943847665,0,1,0,0,1,1,0,0,0,0,1,0
1269,-0.6789102571325143,-0.6499676821231725,1,0,1,0,1,0,1,0,0,0,0,1
1270,2.28977990611549,2.1891642727918477,0,0,1,0,1,0,1,0,0,1,0,1
1271,-2.075940922190399,0.8166098958865019,0,1,1,0,1,0,0,0,0,0,0,0
1272,-0.6081855797139589,-0.9265065089006095,0,1,1,1,0,0,1,0,0,0,0,1
1273,-0.24233817430192536,-0.9169788245220374,0,1,1,1,0,0,1,0,0,0,0,1
1274,0.3129815150585836,-0.42873662070122276,0,1,0,0,1,0,0,1,0,0,0,1
1275,-0.8535390902647498,-0.31074672127618286,0,1,0,0,1,0,0,1,0,0,1,0
1276,0.3129815150585836,-0.5485701123047788,1,0,1,0,1,0,1,0,0,0,0,1
1277,-0.41696700743416093,3.2953195799015957,1,0,0,0,1,1,0,0,0,0,1,0
1278,-0.41696700743416093,-0.9246629167220932,0,1,1,0,1,0,1,0,0,0,0,1
1279,2.464408739247726,-0.5393521514121976,1,0,1,0,1,0,1,0,0,0,0,1
1280,-0.6789102571325143,-0.9265065089006095,0,1,1,1,0,0,1,0,0,0,0,1
1281,-1.988626505624281,0.0561281222485501,0,1,1,0,1,0,0,0,0,0,0,0
1282,-0.5042814240002786,0.8768369528063462,0,0,1,0,1,0,1,0,0,1,0,1
1283,1.940522239851019,1.407481189100959,0,0,0,0,1,0,0,1,0,1,1,0
1284,-1.3774255896614565,-0.004710419642485995,0,1,1,0,1,0,0,0,0,0,1,0
1285,1.5912645735865478,-0.7237113692638223,1,0,1,0,1,0,1,0,0,0,0,1
1286,0.019605075396427956,0.12618462503216743,0,1,1,0,1,0,1,0,0,0,0,0
1287,-0.9408535068308675,2.9266011441983464,0,0,0,0,1,0,0,1,0,1,1,0
1288,-0.41696700743416093,-0.9633783524709344,0,1,1,1,0,0,1,0,0,0,0,1
1289,1.6785789901526658,0.8768369528063462,0,0,0,0,0,0,0,1,0,1,1,0
1290,-0.5915958405663965,-0.9246629167220932,0,1,1,0,1,0,1,0,0,0,0,1
1291,0.1942339085286635,-0.9277380284758583,0,1,1,1,0,0,1,0,0,0,0,1
1292,0.10691949196254573,0.8768369528063462,0,0,0,0,1,1,0,0,0,1,0,1
1293,0.805434824491488,0.05059734571300141,1,0,1,0,1,0,1,0,0,0,1,0
1294,-0.5915958405663965,2.8823549319139565,0,0,0,0,0,1,0,0,0,0,1,0
1295,-1.0281679233969854,1.9753075800839632,0,0,1,0,1,0,1,0,0,0,0,1
1296,1.2420069073220767,0.5462139182478811,0,0,1,0,0,0,1,0,0,1,1,0
1297,-0.766224673698632,-0.475748221253387,1,0,1,0,0,0,1,0,0,1,0,1
1298,-0.5042814240002786,-0.7237113692638223,1,0,1,0,1,0,1,0,0,0,1,0
1299,1.8532078232849012,0.8768369528063462,0,0,1,0,0,0,1,0,0,1,1,0
1300,0.3129815150585836,-0.9286598245651164,0,1,0,1,0,1,0,0,0,0,0,1
1301,-2.2505697553226343,-0.4822007938781939,0,1,0,0,1,1,0,0,0,0,1,0
1302,0.3129815150585836,-0.9265065089006095,0,1,0,1,0,1,0,0,0,0,0,1
1303,0.7181204079253701,0.8768369528063462,0,0,0,1,0,0,0,1,0,1,1,0
1304,-0.06770934116968982,-0.9246629167220932,0,1,0,0,1,1,0,0,0,0,0,1
1305,0.3129815150585836,-0.9043834027584144,0,1,1,0,1,0,1,0,0,0,0,1
1306,0.8927492410576057,0.8768369528063462,0,0,0,0,0,0,0,0,1,1,0,1
1307,0.8490920327745468,-0.9633783524709344,0,1,1,0,1,0,1,0,0,0,0,1
1308,0.6212014055369794,-0.9043834027584144,0,1,1,0,1,0,1,0,0,0,0,1
1309,-0.6081855797139589,0.15076339595614613,0,1,1,0,0,0,0,0,0,0,1,0
