PassengerId,Survived,Age,Fare,Pclass_S,Pclass_T,Sex_male,Embarked_Q,Embarked_S,Title_Miss,Title_Mr,Title_Mrs,Title_Others,Cabin_isin_Y,Family_size_M,Family_size_S
1,0,-0.5915958405663965,-0.9633783524709344,0,1,1,0,1,0,1,0,0,0,1,0
2,1,0.805434824491488,0.8768369528063462,0,0,0,0,0,0,0,1,0,1,1,0
3,1,-0.24233817430192536,-0.9136013636509956,0,1,0,0,1,1,0,0,0,0,0,1
4,1,0.5434915747931346,2.4177697029278624,0,0,0,0,1,0,0,1,0,1,1,0
5,0,0.5434915747931346,-0.9043834027584144,0,1,1,0,1,0,1,0,0,0,0,1
6,0,0.3129815150585836,-0.8742738552988871,0,1,1,1,0,0,1,0,0,0,0,1
7,0,2.2024654895493723,2.326511890091308,0,0,1,0,1,0,1,0,0,1,0,1
8,0,-2.337884171888752,0.0561281222485501,0,1,1,0,1,0,0,0,0,0,0,0
9,1,-0.1550237577358076,-0.6770094921976487,0,1,0,0,1,0,0,1,0,0,1,0
10,1,-1.2901111730953387,0.7195115830284082,1,0,0,0,0,0,0,1,0,0,1,0
11,1,-2.1632553387565165,-0.2665005089917931,0,1,0,0,1,1,0,0,0,1,1,0
12,1,0.6212014055369794,0.45987480934360825,0,0,0,0,1,1,0,0,0,1,0,1
13,0,-0.766224673698632,-0.9043834027584144,0,1,1,0,1,0,1,0,0,0,0,1
14,0,0.8927492410576057,0.8083137310831788,0,1,1,0,1,0,1,0,0,0,0,0
15,0,-1.2901111730953387,-0.9188224167005539,0,1,0,0,1,1,0,0,0,0,0,1
16,1,2.28977990611549,-0.31812108999024796,1,0,0,0,1,0,0,1,0,0,0,1
17,0,-2.337884171888752,0.6497648037307816,0,1,1,1,0,0,0,0,0,0,0,0
18,1,0.3129815150585836,-0.5393521514121976,1,0,1,0,1,0,1,0,0,0,0,1
19,0,0.1942339085286635,-0.17063371570894822,0,1,0,0,1,0,0,1,0,0,1,0
20,1,0.6212014055369794,-0.9652219446494507,0,1,0,0,0,0,0,1,0,0,0,1
21,0,0.5434915747931346,0.4193157814162508,1,0,1,0,1,0,1,0,0,0,0,1
22,1,0.4561771582270168,-0.5393521514121976,1,0,1,0,1,0,1,0,0,1,0,1
23,1,-1.2027967565292208,-0.90591727145094,0,1,0,1,0,1,0,0,0,0,0,1
24,1,-0.06770934116968982,1.1198808092524246,0,0,1,0,1,0,1,0,0,1,0,1
25,0,-1.8139976724920452,0.0561281222485501,0,1,0,0,1,1,0,0,0,0,0,0
26,1,0.805434824491488,0.8166098958865019,0,1,0,0,1,0,0,1,0,0,0,0
27,0,0.3129815150585836,-0.9652219446494507,0,1,1,0,0,0,1,0,0,0,0,1
28,0,-0.8535390902647498,0.8768369528063462,0,0,1,0,1,0,1,0,0,1,0,0
29,1,-0.6081855797139589,-0.9169788245220374,0,1,0,1,0,1,0,0,0,0,0,1
30,0,0.3129815150585836,-0.9157546793155026,0,1,1,0,1,0,1,0,0,0,0,1
31,0,0.9800636576237235,0.5462139182478811,0,0,1,0,0,0,0,0,1,0,0,1
32,1,0.6212014055369794,0.8768369528063462,0,0,0,0,0,0,0,1,0,1,1,0
33,1,-0.6081855797139589,-0.9265065089006095,0,1,0,1,0,1,0,0,0,0,0,1
34,0,0.6212014055369794,-0.7237113692638223,1,0,1,0,1,0,1,0,0,0,0,1
35,0,-0.06770934116968982,0.8768369528063462,0,0,1,0,0,0,1,0,0,0,1,0
36,0,1.154692490755959,2.3366516470731478,0,0,1,0,1,0,1,0,0,0,1,0
37,1,0.3129815150585836,-0.96491222116346,0,1,1,0,0,0,1,0,0,0,0,1
38,0,-0.6789102571325143,-0.9043834027584144,0,1,1,0,1,0,1,0,0,0,0,1
39,0,-0.9408535068308675,-0.17063371570894822,0,1,0,0,1,1,0,0,0,0,1,0
40,1,-1.2901111730953387,-0.6690156765116023,0,1,0,0,0,1,0,0,0,0,1,0
41,0,0.9800636576237235,-0.7992986485829885,0,1,0,0,1,0,0,1,0,0,1,0
42,0,-0.1550237577358076,0.05059734571300141,1,0,0,0,1,0,0,1,0,0,1,0
43,0,0.3129815150585836,-0.9157546793155026,0,1,1,0,0,0,1,0,0,0,0,1
44,1,-2.2505697553226343,1.5681834321178634,1,0,0,0,0,1,0,0,0,0,1,0
45,1,-0.8535390902647498,-0.9169788245220374,0,1,0,1,0,1,0,0,0,0,0,1
46,0,0.3129815150585836,-0.9043834027584144,0,1,1,0,1,0,1,0,0,0,0,1
47,0,0.3129815150585836,-0.35499293356057293,0,1,1,1,0,0,1,0,0,0,1,0
48,1,-0.6081855797139589,-0.9265065089006095,0,1,0,1,0,1,0,0,0,0,0,1
49,0,0.3129815150585836,0.10068405801893092,0,1,1,0,0,0,1,0,0,0,1,0
50,0,-0.9408535068308675,-0.18538245313707813,0,1,0,0,1,0,0,1,0,0,1,0
51,0,-1.9013120890581632,1.428682499153896,0,1,1,0,1,0,0,0,0,0,0,0
52,0,-0.6789102571325143,-0.9228193245435768,0,1,1,0,1,0,1,0,0,0,0,1
53,1,1.7658934067187835,0.8768369528063462,0,0,0,0,0,0,0,1,0,1,1,0
54,1,0.019605075396427956,0.4193157814162508,1,0,0,0,1,0,0,1,0,0,1,0
55,0,0.6212014055369794,3.072554649787121,0,0,1,0,0,0,1,0,0,1,1,0
56,1,0.3129815150585836,1.1198808092524246,0,0,1,0,1,0,1,0,0,1,0,1
57,1,-0.6789102571325143,-0.7237113692638223,1,0,0,0,1,1,0,0,0,0,0,1
58,0,-0.024052132886630932,-0.96491222116346,0,1,1,0,0,0,1,0,0,0,0,1
59,1,-2.075940922190399,0.5483672339123881,1,0,0,0,1,1,0,0,0,0,1,0
60,0,-1.552054422793692,1.9605588426558331,0,1,1,0,1,0,0,0,0,0,0,0
61,0,-0.5915958405663965,-0.96491222116346,0,1,1,0,0,0,1,0,0,0,0,1
62,1,0.805434824491488,0.8768369528063462,0,0,0,0,1,1,0,0,0,1,0,1
63,0,1.4166357404543124,0.8768369528063462,0,0,1,0,1,0,1,0,0,1,1,0
64,0,-2.1632553387565165,0.5594287869834854,0,1,1,0,1,0,0,0,0,0,0,0
65,0,0.3129815150585836,0.5462139182478811,0,0,1,0,0,0,1,0,0,0,0,1
66,1,-2.113486121313829,-0.3737385788317262,0,1,1,0,0,0,0,0,0,0,1,0
67,1,0.019605075396427956,-0.7237113692638223,1,0,0,0,1,0,0,1,0,1,0,1
68,0,-0.8535390902647498,-0.896396961441082,0,1,1,0,1,0,1,0,0,0,0,1
69,1,-1.0281679233969854,-0.9136013636509956,0,1,0,0,1,1,0,0,0,0,0,0
70,0,-0.24233817430192536,-0.8592153943847665,0,1,1,0,1,0,1,0,0,0,1,0
71,0,0.2815483250947813,-0.7237113692638223,1,0,1,0,1,0,1,0,0,0,0,1
72,0,-1.115482339963103,1.9605588426558331,0,1,0,0,1,1,0,0,0,0,0,0
73,0,-0.6789102571325143,0.8768369528063462,1,0,1,0,1,0,1,0,0,0,0,1
74,0,-0.24233817430192536,-0.43211408157226455,0,1,1,0,0,0,1,0,0,0,1,0
75,1,0.2815483250947813,2.6681885157200815,0,1,1,0,1,0,1,0,0,0,0,1
76,0,-0.32965259086804316,-0.9338808776146744,0,1,1,0,1,0,1,0,0,1,0,1
77,0,0.3129815150585836,-0.9157546793155026,0,1,1,0,1,0,1,0,0,0,0,1
78,0,0.3129815150585836,-0.9043834027584144,0,1,1,0,1,0,1,0,0,0,0,1
79,1,-2.44004203927111,0.6405468428382004,1,0,1,0,1,0,0,0,0,0,1,0
80,1,0.10691949196254573,-0.5780675871610388,0,1,0,0,1,1,0,0,0,0,0,1
81,0,-0.5915958405663965,-0.8343268999747971,0,1,1,0,1,0,1,0,0,0,0,1
82,1,0.019605075396427956,-0.7974550564044721,0,1,1,0,1,0,1,0,0,0,0,1
83,1,-0.6081855797139589,-0.9237411206328351,0,1,0,1,0,1,0,0,0,0,0,1
84,0,-0.06770934116968982,1.9753075800839632,0,0,1,0,1,0,1,0,0,0,0,1
85,1,-1.0281679233969854,-0.7237113692638223,1,0,0,0,1,1,0,0,0,0,0,1
86,1,0.36886274166089905,-0.3291826430613455,0,1,0,0,1,0,0,1,0,0,1,0
87,0,-1.115482339963103,1.0369191612191935,0,1,1,0,1,0,1,0,0,0,0,0
88,0,0.3129815150585836,-0.9043834027584144,0,1,1,0,1,0,1,0,0,0,0,1
89,1,-0.5042814240002786,0.8768369528063462,0,0,0,0,1,1,0,0,0,1,0,0
90,0,-0.41696700743416093,-0.9043834027584144,0,1,1,0,1,0,1,0,0,0,0,1
91,0,0.019605075396427956,-0.9043834027584144,0,1,1,0,1,0,1,0,0,0,0,1
92,0,-0.766224673698632,-0.9188224167005539,0,1,1,0,1,0,1,0,0,0,0,1
93,0,1.5039501570204301,3.01324997658861,0,0,1,0,1,0,1,0,0,1,1,0
94,0,-0.24233817430192536,0.01925627867822516,0,1,1,0,1,0,1,0,0,0,1,0
95,0,0.6212014055369794,-0.9633783524709344,0,1,1,0,1,0,1,0,0,0,0,1
96,0,0.3129815150585836,-0.9043834027584144,0,1,1,0,1,0,1,0,0,0,0,1
97,0,0.6212014055369794,1.0575083986688631,0,0,1,0,0,0,1,0,0,1,0,1
98,1,-0.5042814240002786,3.174254568722791,0,0,1,0,0,0,1,0,0,1,1,0
99,1,0.4561771582270168,0.19808471999430116,1,0,0,0,1,0,0,1,0,0,1,0
100,0,0.4561771582270168,0.4193157814162508,1,0,1,0,1,0,1,0,0,0,1,0
101,0,-0.06770934116968982,-0.9157546793155026,0,1,0,0,1,1,0,0,0,0,0,1
102,0,0.3129815150585836,-0.9157546793155026,0,1,1,0,1,0,1,0,0,0,0,1
103,0,-0.6789102571325143,0.8768369528063462,0,0,1,0,1,0,1,0,0,1,1,0
104,0,0.36886274166089905,-0.8598274669880339,0,1,1,0,1,0,1,0,0,0,0,1
105,0,0.7181204079253701,-0.9136013636509956,0,1,1,0,1,0,1,0,0,0,1,0
106,0,-0.06770934116968982,-0.9157546793155026,0,1,1,0,1,0,1,0,0,0,0,1
107,1,-0.6789102571325143,-0.9338808776146744,0,1,0,0,1,1,0,0,0,0,0,1
108,1,0.3129815150585836,-0.9246629167220932,0,1,1,0,1,0,1,0,0,0,0,1
109,0,0.805434824491488,-0.9157546793155026,0,1,1,0,1,0,1,0,0,0,0,1
110,1,-0.6081855797139589,0.2828899602060484,0,1,0,1,0,1,0,0,0,0,1,0
111,0,1.5912645735865478,2.3366516470731478,0,0,1,0,1,0,1,0,0,1,0,1
112,0,-1.2464539648122799,-0.43211408157226455,0,1,0,0,0,1,0,0,0,0,1,0
113,0,-0.5915958405663965,-0.9043834027584144,0,1,1,0,1,0,1,0,0,0,0,1
114,0,-0.766224673698632,-0.773488358083761,0,1,0,0,1,1,0,0,0,0,1,0
115,0,-1.0281679233969854,-0.43181173245498794,0,1,0,0,0,1,0,0,0,0,0,1
116,0,-0.6789102571325143,-0.9136013636509956,0,1,1,0,1,0,1,0,0,0,0,1
117,0,0.6212014055369794,-0.9265065089006095,0,1,1,1,0,0,1,0,0,0,0,1
118,0,0.019605075396427956,0.05059734571300141,1,0,1,0,1,0,1,0,0,0,1,0
119,0,-0.41696700743416093,0.8768369528063462,0,0,1,0,0,0,1,0,0,1,1,0
120,0,-2.337884171888752,0.8083137310831788,0,1,0,0,1,1,0,0,0,0,0,0
121,0,-0.6789102571325143,0.8768369528063462,1,0,1,0,1,0,1,0,0,0,1,0
122,0,0.3129815150585836,-0.9043834027584144,0,1,1,0,1,0,1,0,0,0,0,1
123,0,0.3252055333778402,0.7195115830284082,1,0,1,0,0,0,1,0,0,0,1,0
124,1,0.3252055333778402,-0.5393521514121976,1,0,0,0,1,1,0,0,0,1,0,1
125,0,2.2024654895493723,0.8768369528063462,0,0,1,0,1,0,1,0,0,1,1,0
126,1,-1.4647400062275742,-0.6690156765116023,0,1,1,0,0,0,0,0,0,0,1,0
127,0,0.3129815150585836,-0.9265065089006095,0,1,1,1,0,0,1,0,0,0,0,1
128,1,-0.41696700743416093,-0.9713647937882668,0,1,1,0,1,0,1,0,0,0,0,1
129,1,-0.6081855797139589,0.15076339595614613,0,1,0,0,0,1,0,0,0,1,1,0
130,0,1.4166357404543124,-0.9836578664346132,0,1,1,0,1,0,1,0,0,0,0,1
131,0,0.36886274166089905,-0.9157546793155026,0,1,1,0,0,0,1,0,0,0,0,1
132,0,-0.766224673698632,-0.9781270898990643,0,1,1,0,1,0,1,0,0,0,0,1
133,0,1.5912645735865478,-0.42873662070122276,0,1,0,0,1,0,0,1,0,0,1,0
134,1,0.019605075396427956,0.4193157814162508,1,0,0,0,1,0,0,1,0,0,1,0
135,0,-0.32965259086804316,-0.5393521514121976,1,0,1,0,1,0,1,0,0,0,0,1
136,0,-0.5042814240002786,-0.3884873162598561,1,0,1,0,0,0,1,0,0,0,0,1
137,1,-0.8535390902647498,0.44020736798319693,0,0,0,0,1,1,0,0,0,1,1,0
138,0,0.7181204079253701,2.4177697029278624,0,0,1,0,1,0,1,0,0,1,1,0
139,0,-1.115482339963103,-0.8183466429714183,0,1,1,0,1,0,1,0,0,0,0,1
140,0,-0.41696700743416093,0.8768369528063462,0,0,1,0,0,0,1,0,0,1,0,1
141,0,0.6212014055369794,-0.3737385788317262,0,1,0,0,0,0,0,1,0,0,1,0
142,1,-0.5915958405663965,-0.9265065089006095,0,1,0,0,1,1,0,0,0,0,0,1
143,1,-0.41696700743416093,-0.3291826430613455,0,1,0,0,1,0,0,1,0,0,1,0
144,0,-0.8535390902647498,-1.0002501960412593,0,1,1,1,0,0,1,0,0,0,0,1
145,0,-0.9408535068308675,-0.6499676821231725,1,0,1,0,1,0,1,0,0,0,0,1
146,0,-0.8535390902647498,1.212060418178237,1,0,1,0,1,0,1,0,0,0,1,0
147,1,-0.1550237577358076,-0.9231290480295677,0,1,1,0,1,0,1,0,0,0,0,1
148,0,-1.7266832559259275,1.0369191612191935,0,1,0,0,1,1,0,0,0,0,0,0
149,0,0.6744631996423113,0.4193157814162508,1,0,1,0,1,0,1,0,0,1,1,0
150,0,1.154692490755959,-0.5393521514121976,1,0,1,0,1,0,0,0,1,0,0,1
151,0,1.940522239851019,-0.5743804028040063,1,0,1,0,1,0,0,0,1,0,0,1
152,1,-0.5915958405663965,3.413309479326635,0,0,0,0,1,0,0,1,0,1,1,0
153,0,2.333437114398549,-0.9043834027584144,0,1,1,0,1,0,1,0,0,0,0,1
154,0,1.0237208659067825,-0.42873662070122276,0,1,1,0,1,0,1,0,0,0,1,0
155,0,0.3129815150585836,-0.9587693720246437,0,1,1,0,1,0,1,0,0,0,0,1
156,0,1.940522239851019,3.0283084375027305,0,0,1,0,0,0,1,0,0,0,1,0
157,1,-1.115482339963103,-0.9277380284758583,0,1,0,1,0,1,0,0,0,0,0,1
158,0,0.10691949196254573,-0.9043834027584144,0,1,1,0,1,0,1,0,0,0,0,1
159,0,0.3129815150585836,-0.8592153943847665,0,1,1,0,1,0,1,0,0,0,0,1
160,0,-2.113486121313829,0.8768369528063462,0,1,1,0,1,0,0,0,0,0,0,0
161,0,1.3293213238881947,-0.31074672127618286,0,1,1,0,1,0,1,0,0,0,1,0
162,1,0.9800636576237235,-0.3365570117754104,1,0,0,0,1,0,0,1,0,0,0,1
163,0,-0.24233817430192536,-0.9246629167220932,0,1,1,0,1,0,1,0,0,0,0,1
164,0,-1.0281679233969854,-0.8592153943847665,0,1,1,0,1,0,1,0,0,0,0,1
165,0,-2.4251985884548697,1.428682499153896,0,1,1,0,1,0,0,0,0,0,0,0
166,1,-1.7266832559259275,0.015569094321192616,0,1,1,0,1,0,0,0,0,0,1,0
167,1,0.6212014055369794,2.557882708495097,0,0,0,0,1,0,0,1,0,1,1,0
168,0,1.4166357404543124,0.5594287869834854,0,1,0,0,1,0,0,1,0,0,0,0
169,0,0.3129815150585836,0.4137850048807021,0,0,1,0,1,0,1,0,0,0,0,1
170,0,-0.06770934116968982,2.6681885157200815,0,1,1,0,1,0,1,0,0,0,0,1
171,0,0.6212014055369794,0.9723934349711248,0,0,1,0,1,0,1,0,0,1,0,1
172,0,-2.1632553387565165,0.6497648037307816,0,1,1,1,0,0,0,0,0,0,0,0
173,1,-2.4251985884548697,-0.6770094921976487,0,1,0,0,1,1,0,0,0,0,1,0
174,0,-0.6789102571325143,-0.9136013636509956,0,1,1,0,1,0,1,0,0,0,0,1
175,0,2.3770943226816077,0.7656013874913143,0,0,1,0,0,0,1,0,0,1,0,1
176,0,-0.9408535068308675,-0.9188224167005539,0,1,1,0,1,0,1,0,0,0,1,0
177,0,-2.113486121313829,0.3799882730641422,0,1,1,0,1,0,0,0,0,0,0,0
178,0,1.8532078232849012,0.6193455327852635,0,0,0,0,0,1,0,0,0,1,0,1
179,0,0.10691949196254573,-0.5393521514121976,1,0,1,0,1,0,1,0,0,0,0,1
180,0,0.6308059913592524,0.8768369528063462,0,1,1,0,1,0,1,0,0,0,0,1
181,0,-0.6081855797139589,0.8768369528063462,0,1,0,0,1,1,0,0,0,0,0,0
182,0,0.3129815150585836,-0.3881775927738653,1,0,1,0,0,0,1,0,0,0,0,1
183,0,-1.7266832559259275,0.8166098958865019,0,1,1,0,1,0,0,0,0,0,0,0
184,1,-2.4251985884548697,1.3779837142446991,1,0,1,0,1,0,0,0,0,1,1,0
185,1,-2.1632553387565165,0.12618462503216743,0,1,0,0,1,1,0,0,0,0,1,0
186,0,0.3129815150585836,2.1891642727918477,0,0,1,0,1,0,1,0,0,1,0,1
187,1,0.6212014055369794,-0.35499293356057293,0,1,0,1,0,0,0,1,0,0,1,0
188,1,1.4166357404543124,0.45987480934360825,0,0,1,0,1,0,1,0,0,0,0,1
189,0,0.9800636576237235,-0.35499293356057293,0,1,1,1,0,0,1,0,0,0,1,0
190,0,0.6308059913592524,-0.9157546793155026,0,1,1,0,1,0,1,0,0,0,0,1
191,1,0.2815483250947813,-0.5393521514121976,1,0,0,0,1,0,0,1,0,0,0,1
192,0,-0.8535390902647498,-0.5393521514121976,1,0,1,0,1,0,1,0,0,0,0,1
193,1,-0.8535390902647498,-0.9188224167005539,0,1,0,0,1,1,0,0,0,0,1,0
194,1,-2.2505697553226343,0.4193157814162508,1,0,1,0,1,0,0,0,0,1,1,0
195,1,1.3293213238881947,0.5462139182478811,0,0,0,0,0,0,0,1,0,1,0,1
196,1,0.6212014055369794,0.8768369528063462,0,0,0,0,0,1,0,0,0,1,0,1
197,0,0.3129815150585836,-0.9265065089006095,0,1,1,1,0,0,1,0,0,0,0,1
198,0,1.154692490755959,-0.8782633887731963,0,1,1,0,1,0,1,0,0,0,1,0
199,1,-0.6081855797139589,-0.9265065089006095,0,1,0,1,0,1,0,0,0,0,0,1
200,0,-0.41696700743416093,-0.5393521514121976,1,0,0,0,1,1,0,0,0,0,0,1
201,0,-0.06770934116968982,-0.7974550564044721,0,1,1,0,1,0,1,0,0,0,0,1
202,0,0.3129815150585836,0.8768369528063462,0,1,1,0,1,0,1,0,0,0,0,0
203,0,0.4561771582270168,-1.0189958413124125,0,1,1,0,1,0,1,0,0,0,0,1
204,0,1.4602929487373713,-0.9652219446494507,0,1,1,0,0,0,1,0,0,0,0,1
205,1,-0.9408535068308675,-0.9043834027584144,0,1,1,0,1,0,1,0,0,0,0,1
206,0,-2.337884171888752,-0.7264767575315967,0,1,0,0,1,1,0,0,0,1,1,0
207,0,0.2815483250947813,-0.3291826430613455,0,1,1,0,1,0,1,0,0,0,1,0
208,1,-0.24233817430192536,-0.11256056208568634,0,1,1,0,0,0,1,0,0,0,0,1
209,1,-1.115482339963103,-0.9265065089006095,0,1,0,1,0,1,0,0,0,0,0,1
210,1,0.9800636576237235,0.7880342171195002,0,0,1,0,0,0,1,0,0,1,0,1
211,0,-0.41696700743416093,-0.9781270898990643,0,1,1,0,1,0,1,0,0,0,0,1
212,1,0.5434915747931346,0.05059734571300141,1,0,0,0,1,1,0,0,0,0,0,1
213,0,-0.5915958405663965,-0.9633783524709344,0,1,1,0,1,0,1,0,0,0,0,1
214,0,0.10691949196254573,-0.5393521514121976,1,0,1,0,1,0,1,0,0,0,0,1
215,0,0.3129815150585836,-0.9265065089006095,0,1,1,1,0,0,1,0,0,0,1,0
216,1,0.1942339085286635,0.8768369528063462,0,0,0,0,0,1,0,0,0,1,1,0
217,1,-0.1550237577358076,-0.9136013636509956,0,1,0,0,1,1,0,0,0,0,0,1
218,0,1.154692490755959,0.4930594685569007,1,0,1,0,1,0,1,0,0,0,1,0
219,1,0.2815483250947813,0.8768369528063462,0,0,0,0,0,1,0,0,0,1,0,1
220,0,0.10691949196254573,-0.7237113692638223,1,0,1,0,1,0,1,0,0,0,0,1
221,1,-1.115482339963103,-0.9043834027584144,0,1,1,0,1,0,1,0,0,0,0,1
222,0,-0.1550237577358076,-0.5393521514121976,1,0,1,0,1,0,1,0,0,0,0,1
223,0,1.940522239851019,-0.9043834027584144,0,1,1,0,1,0,1,0,0,0,0,1
224,0,0.3129815150585836,-0.9157546793155026,0,1,1,0,1,0,1,0,0,0,0,1
225,1,0.805434824491488,0.8768369528063462,0,0,1,0,1,0,1,0,0,1,1,0
226,0,-0.5915958405663965,-0.8085166094755697,0,1,1,0,1,0,1,0,0,0,0,1
227,1,-0.8535390902647498,-0.7237113692638223,1,0,1,0,1,0,1,0,0,0,0,1
228,0,-0.7225674654155732,-0.9633783524709344,0,1,1,0,1,0,1,0,0,0,0,1
229,0,-0.9408535068308675,-0.5393521514121976,1,0,1,0,1,0,1,0,0,0,0,1
230,0,-0.6081855797139589,0.3799882730641422,0,1,0,0,1,1,0,0,0,0,0,0
231,1,0.5434915747931346,0.8768369528063462,0,0,0,0,1,0,0,1,0,1,1,0
232,0,0.019605075396427956,-0.9246629167220932,0,1,1,0,1,0,1,0,0,0,0,1
233,0,0.6212014055369794,-0.5024803078418727,1,0,1,0,1,0,1,0,0,0,0,1
234,1,-2.075940922190399,0.8166098958865019,0,1,0,0,1,1,0,0,0,0,0,0
235,0,-0.41696700743416093,-0.7237113692638223,1,0,1,0,1,0,1,0,0,0,0,1
236,0,-0.6081855797139589,-0.9412552463287394,0,1,0,0,1,1,0,0,0,0,0,1
237,0,1.3293213238881947,0.4193157814162508,1,0,1,0,1,0,1,0,0,0,1,0
238,1,-1.8139976724920452,0.43775170320141327,1,0,0,0,1,1,0,0,0,0,1,0
239,0,-0.8535390902647498,-0.7237113692638223,1,0,1,0,1,0,1,0,0,0,0,1
240,0,0.36886274166089905,-0.5928163245891688,1,0,1,0,1,0,1,0,0,0,0,1
241,0,-0.6081855797139589,-0.43211408157226455,0,1,0,0,0,1,0,0,0,0,1,0
242,1,-0.6081855797139589,-0.35499293356057293,0,1,0,1,0,1,0,0,0,0,1,0
243,0,0.019605075396427956,-0.7237113692638223,1,0,1,0,1,0,1,0,0,0,0,1
244,0,-0.5915958405663965,-0.9725963133635156,0,1,1,0,1,0,1,0,0,0,0,1
245,0,0.10691949196254573,-0.9652219446494507,0,1,1,0,0,0,1,0,0,0,0,1
246,0,1.3293213238881947,0.8768369528063462,0,0,1,1,0,0,0,0,1,1,1,0
247,0,-0.32965259086804316,-0.9246629167220932,0,1,0,0,1,1,0,0,0,0,0,1
248,1,-0.41696700743416093,-0.42873662070122276,1,0,0,0,1,0,0,1,0,0,1,0
249,1,0.7181204079253701,2.377520398486496,0,0,1,0,1,0,1,0,0,1,1,0
250,0,2.2024654895493723,0.4193157814162508,1,0,1,0,1,0,0,0,1,0,1,0
251,0,0.3129815150585836,-0.9633783524709344,0,1,1,0,1,0,1,0,0,0,0,1
252,0,0.019605075396427956,-0.7264767575315967,0,1,0,0,1,0,0,1,0,1,1,0
253,0,0.6212014055369794,0.45987480934360825,0,0,1,0,1,0,1,0,0,1,0,1
254,0,0.10691949196254573,-0.31074672127618286,0,1,1,0,1,0,1,0,0,0,1,0
255,0,1.0673780741898413,-0.00747580791026047,0,1,0,0,1,0,0,1,0,0,1,0
256,1,0.019605075396427956,-0.3737385788317262,0,1,0,0,0,0,0,1,0,0,1,0
257,1,0.6212014055369794,0.8768369528063462,0,0,0,0,0,0,0,1,0,0,0,1
258,1,0.10691949196254573,0.8768369528063462,0,0,0,0,1,1,0,0,0,1,0,1
259,1,0.5434915747931346,0.8768369528063462,0,0,0,0,0,1,0,0,0,0,0,1
260,1,1.8532078232849012,0.4193157814162508,1,0,0,0,1,0,0,1,0,0,1,0
261,0,0.3129815150585836,-0.9265065089006095,0,1,1,1,0,0,1,0,0,0,0,1
262,1,-2.2505697553226343,0.8166098958865019,0,1,1,0,1,0,0,0,0,0,0,0
263,0,2.027836656417137,0.8768369528063462,0,0,1,0,1,0,1,0,0,1,1,0
264,0,0.9800636576237235,0.8768369528063462,0,0,1,0,1,0,1,0,0,1,0,1
265,0,-0.6081855797139589,-0.9265065089006095,0,1,0,1,0,1,0,0,0,0,0,1
266,0,0.6308059913592524,-0.7237113692638223,1,0,1,0,1,0,1,0,0,0,0,1
267,0,-1.115482339963103,1.428682499153896,0,1,1,0,1,0,1,0,0,0,0,0
268,1,-0.32965259086804316,-0.9246629167220932,0,1,1,0,1,0,1,0,0,0,1,0
269,1,0.6212014055369794,0.8768369528063462,0,0,0,0,1,0,0,1,0,1,1,0
270,1,0.5434915747931346,0.8768369528063462,0,0,0,0,1,1,0,0,0,1,0,1
271,0,0.3129815150585836,0.7880342171195002,0,0,1,0,1,0,1,0,0,0,0,1
272,1,-0.32965259086804316,0.8768369528063462,0,1,1,0,1,0,1,0,0,0,0,1
273,1,1.0673780741898413,-0.0600181849979734,1,0,0,0,1,0,0,1,0,0,1,0
274,0,0.7181204079253701,0.6921674238366553,0,0,1,0,0,0,1,0,0,1,1,0
275,1,-0.6081855797139589,-0.9265065089006095,0,1,0,1,0,1,0,0,0,0,0,1
276,1,0.6212014055369794,0.8768369528063462,0,0,0,0,1,1,0,0,0,1,1,0
277,0,1.4166357404543124,-0.9265065089006095,0,1,0,0,1,1,0,0,0,0,0,1
278,0,0.3129815150585836,0.8768369528063462,1,0,1,0,1,0,1,0,0,0,0,1
279,0,-1.9013120890581632,0.6497648037307816,0,1,1,1,0,0,0,0,0,0,0,0
280,1,0.5434915747931346,-0.004710419642485995,0,1,0,0,1,0,0,1,0,0,1,0
281,0,0.6212014055369794,-0.9265065089006095,0,1,1,1,0,0,1,0,0,0,0,1
282,0,-0.06770934116968982,-0.9188224167005539,0,1,1,0,1,0,1,0,0,0,0,1
283,0,-1.115482339963103,-0.7974550564044721,0,1,1,0,1,0,1,0,0,0,0,1
284,1,-0.8535390902647498,-0.9043834027584144,0,1,1,0,1,0,1,0,0,0,0,1
285,0,0.3129815150585836,0.4193157814162508,0,0,1,0,1,0,1,0,0,1,0,1
286,0,0.36886274166089905,-0.8592153943847665,0,1,1,0,0,0,1,0,0,0,0,1
287,1,0.10691949196254573,-0.7974550564044721,0,1,1,0,1,0,1,0,0,0,0,1
288,0,-0.5915958405663965,-0.9157546793155026,0,1,1,0,1,0,1,0,0,0,0,1
289,1,1.154692490755959,-0.5393521514121976,1,0,1,0,1,0,1,0,0,0,0,1
290,1,-0.5915958405663965,-0.9265065089006095,0,1,0,1,0,1,0,0,0,0,0,1
291,1,-0.24233817430192536,0.8768369528063462,0,0,0,0,1,1,0,0,0,0,0,1
292,1,-0.8535390902647498,0.8768369528063462,0,0,0,0,0,0,0,1,0,1,1,0
293,0,0.6308059913592524,-0.5485701123047788,1,0,1,0,0,0,1,0,0,1,0,1
294,0,-0.41696700743416093,-0.8453884530458946,0,1,0,0,1,1,0,0,0,0,0,1
295,0,-0.41696700743416093,-0.9157546793155026,0,1,1,0,1,0,1,0,0,0,0,1
296,0,0.3129815150585836,0.5462139182478811,0,0,1,0,0,0,1,0,0,0,0,1
297,0,-0.4606242157172198,-0.96491222116346,0,1,1,0,0,0,1,0,0,0,0,1
298,0,-2.337884171888752,0.8768369528063462,0,0,0,0,1,1,0,0,0,1,1,0
299,1,0.3129815150585836,0.7511623735491753,0,0,1,0,1,0,1,0,0,1,0,1
300,1,1.8532078232849012,0.8768369528063462,0,0,0,0,0,0,0,1,0,1,1,0
301,1,-0.6081855797139589,-0.9265065089006095,0,1,0,1,0,1,0,0,0,0,0,1
302,1,0.3129815150585836,0.21652064177946365,0,1,1,1,0,0,1,0,0,0,1,0
303,0,-0.8535390902647498,0.8768369528063462,0,1,1,0,1,0,1,0,0,0,0,1
304,1,-0.6081855797139589,-0.58728554805362,1,0,0,1,0,1,0,0,0,1,0,1
305,0,0.3129815150585836,-0.9043834027584144,0,1,1,0,1,0,1,0,0,0,0,1
306,1,-2.432183741780159,0.8768369528063462,0,0,1,0,1,0,0,0,0,1,1,0
307,1,-0.6081855797139589,0.8768369528063462,0,0,0,0,0,1,0,0,0,0,0,1
308,1,-1.0281679233969854,0.8768369528063462,0,0,0,0,0,0,0,1,0,1,1,0
309,0,0.10691949196254573,0.27182840713495104,1,0,1,0,0,0,1,0,0,0,1,0
310,1,0.10691949196254573,2.700149029726839,0,0,0,0,0,1,0,0,0,1,0,1
311,1,-0.41696700743416093,0.8768369528063462,0,0,0,0,0,1,0,0,0,1,0,1
312,1,-0.9408535068308675,0.8768369528063462,0,0,0,0,0,1,0,0,0,1,0,0
313,0,-0.24233817430192536,0.4193157814162508,1,0,0,0,1,0,0,1,0,0,1,0
314,0,-0.06770934116968982,-0.9157546793155026,0,1,1,0,1,0,1,0,0,0,0,1
315,0,1.2420069073220767,0.43775170320141327,1,0,1,0,1,0,1,0,0,0,1,0
316,1,-0.24233817430192536,-0.9188224167005539,0,1,0,0,1,1,0,0,0,0,0,1
317,1,-0.41696700743416093,0.4193157814162508,1,0,0,0,1,0,0,1,0,0,1,0
318,0,2.2024654895493723,-0.46560846427154773,1,0,1,0,1,0,0,0,1,0,0,1
319,1,0.1942339085286635,0.8768369528063462,0,0,0,0,1,1,0,0,0,1,1,0
320,1,0.9800636576237235,0.8768369528063462,0,0,0,0,0,0,0,1,0,1,1,0
321,0,-0.5915958405663965,-0.9633783524709344,0,1,1,0,1,0,1,0,0,0,0,1
322,0,-0.1550237577358076,-0.9157546793155026,0,1,1,0,1,0,1,0,0,0,0,1
323,1,0.10691949196254573,-0.58728554805362,1,0,0,1,0,1,0,0,0,0,0,1
324,1,-0.5915958405663965,0.6405468428382004,1,0,0,0,1,0,0,1,0,0,1,0
325,0,0.3129815150585836,0.8768369528063462,0,1,1,0,1,0,1,0,0,0,0,0
326,1,0.6308059913592524,0.8768369528063462,0,0,0,0,0,1,0,0,0,1,0,1
327,0,0.6212014055369794,-1.0380438357008424,0,1,1,0,1,0,1,0,0,0,0,1
328,1,0.6308059913592524,-0.5393521514121976,1,0,0,0,1,0,0,1,0,1,0,1
329,1,0.1942339085286635,0.015569094321192616,0,1,0,0,1,0,0,1,0,0,1,0
330,1,-1.115482339963103,2.777579901224521,0,0,0,0,0,1,0,0,0,1,1,0
331,1,-0.6081855797139589,0.21652064177946365,0,1,0,1,0,1,0,0,0,0,1,0
332,0,1.4602929487373713,0.6036749992678755,0,0,1,0,1,0,1,0,0,1,0,1
333,0,0.805434824491488,0.8768369528063462,0,0,1,0,1,0,1,0,0,1,1,0
334,0,-1.115482339963103,-0.17063371570894822,0,1,1,0,1,0,1,0,0,0,1,0
335,1,0.6212014055369794,0.8768369528063462,0,0,0,0,1,0,0,1,0,0,1,0
336,0,0.3129815150585836,-0.9157546793155026,0,1,1,0,1,0,1,0,0,0,0,1
337,0,0.019605075396427956,3.413309479326635,0,0,1,0,1,0,1,0,0,1,1,0
338,1,1.0673780741898413,0.8768369528063462,0,0,0,0,0,1,0,0,0,1,0,1
339,1,1.4166357404543124,-0.9043834027584144,0,1,1,0,1,0,1,0,0,0,0,1
340,0,1.4166357404543124,1.1198808092524246,0,0,1,0,1,0,1,0,0,1,0,1
341,1,-2.337884171888752,0.4193157814162508,1,0,1,0,1,0,0,0,0,1,1,0
342,1,-0.41696700743416093,0.8768369528063462,0,0,0,0,1,1,0,0,0,1,0,0
343,0,-0.06770934116968982,-0.5393521514121976,1,0,1,0,1,0,1,0,0,0,0,1
344,0,-0.32965259086804316,-0.5393521514121976,1,0,1,0,1,0,1,0,0,0,0,1
345,0,0.6308059913592524,-0.5393521514121976,1,0,1,0,1,0,1,0,0,0,0,1
346,1,-0.41696700743416093,-0.5393521514121976,1,0,0,0,1,1,0,0,0,1,0,1
347,1,0.9800636576237235,-0.5393521514121976,1,0,0,0,1,1,0,0,0,0,0,1
348,1,0.6212014055369794,-0.31074672127618286,0,1,0,0,1,0,0,1,0,0,1,0
349,1,-2.2505697553226343,-0.32549545870431296,0,1,1,0,1,0,0,0,0,0,1,0
350,0,1.154692490755959,-0.8592153943847665,0,1,1,0,1,0,1,0,0,0,0,1
351,0,-0.5042814240002786,-0.8177345703681509,0,1,1,0,1,0,1,0,0,0,0,1
352,0,0.3129815150585836,1.0830089656820996,0,0,1,0,1,0,1,0,0,1,0,1
353,0,-1.2027967565292208,-0.96491222116346,0,1,1,0,0,0,1,0,0,0,1,0
354,0,-0.32965259086804316,-0.18538245313707813,0,1,1,0,1,0,1,0,0,0,1,0
355,0,0.3129815150585836,-0.9652219446494507,0,1,1,0,0,0,1,0,0,0,0,1
356,0,-0.06770934116968982,-0.7974550564044721,0,1,1,0,1,0,1,0,0,0,0,1
357,1,-0.5915958405663965,2.557882708495097,0,0,0,0,1,1,0,0,0,1,1,0
358,0,0.805434824491488,-0.5393521514121976,1,0,0,0,1,1,0,0,0,0,0,1
359,1,-0.6081855797139589,-0.9169788245220374,0,1,0,1,0,1,0,0,0,0,0,1
360,1,-0.6081855797139589,-0.9169788245220374,0,1,0,1,0,1,0,0,0,0,0,1
361,0,0.9800636576237235,0.5594287869834854,0,1,1,0,1,0,1,0,0,0,0,0
362,0,0.019605075396427956,0.5462139182478811,1,0,1,0,0,0,1,0,0,0,1,0
363,0,1.4166357404543124,-0.43211408157226455,0,1,0,0,0,0,0,1,0,0,1,0
364,0,0.5434915747931346,-0.9781270898990643,0,1,1,0,1,0,1,0,0,0,0,1
365,0,0.3129815150585836,-0.35499293356057293,0,1,1,1,0,0,1,0,0,0,1,0
366,0,0.10691949196254573,-0.9633783524709344,0,1,1,0,1,0,1,0,0,0,0,1
367,1,0.6212014055369794,0.8768369528063462,0,0,0,0,0,0,0,1,0,1,1,0
368,1,0.6212014055369794,-0.96491222116346,0,1,0,0,0,0,0,1,0,0,0,1
369,1,-0.6081855797139589,-0.9265065089006095,0,1,0,1,0,1,0,0,0,0,0,1
370,1,-0.41696700743416093,0.8768369528063462,0,0,0,0,0,0,0,0,1,1,0,1
371,1,-0.32965259086804316,2.590455295105122,0,0,1,0,0,0,1,0,0,1,1,0
372,0,-0.9408535068308675,-1.0189958413124125,0,1,1,0,1,0,1,0,0,0,1,0
373,0,-0.8535390902647498,-0.9043834027584144,0,1,1,0,1,0,1,0,0,0,0,1
374,0,-0.5915958405663965,0.8768369528063462,0,0,1,0,0,0,1,0,0,0,0,1
375,0,-2.2505697553226343,0.0561281222485501,0,1,0,0,1,1,0,0,0,0,0,0
376,1,0.6212014055369794,0.8768369528063462,0,0,0,0,0,0,0,1,0,0,1,0
377,1,-0.5915958405663965,-0.9633783524709344,0,1,0,0,1,1,0,0,0,0,0,1
378,0,-0.1550237577358076,0.8768369528063462,0,0,1,0,0,0,1,0,0,1,1,0
379,0,-0.766224673698632,-1.2021235395887884,0,1,1,0,0,0,1,0,0,0,0,1
380,0,-0.8535390902647498,-0.9246629167220932,0,1,1,0,1,0,1,0,0,0,0,1
381,1,1.154692490755959,0.8768369528063462,0,0,0,0,0,1,0,0,0,0,0,1
382,1,-2.4251985884548697,-0.3371690843786778,0,1,0,0,0,1,0,0,0,0,1,0
383,0,0.2815483250947813,-0.9136013636509956,0,1,1,0,1,0,1,0,0,0,0,1
384,1,0.5434915747931346,2.3366516470731478,0,0,0,0,1,0,0,1,0,0,1,0
385,0,0.3129815150585836,-0.9157546793155026,0,1,1,0,1,0,1,0,0,0,0,1
386,0,-0.9408535068308675,0.8768369528063462,1,0,1,0,1,0,1,0,0,0,0,1
387,0,-2.4251985884548697,1.9605588426558331,0,1,1,0,1,0,0,0,0,0,0,0
388,1,0.6308059913592524,-0.5393521514121976,1,0,0,0,1,1,0,0,0,0,0,1
389,0,0.3129815150585836,-0.9280403775931351,0,1,1,1,0,0,1,0,0,0,0,1
390,1,-1.0281679233969854,-0.6130958385528474,1,0,0,0,0,1,0,0,0,0,0,1
391,1,0.6308059913592524,0.8768369528063462,0,0,1,0,1,0,1,0,0,1,1,0
392,1,-0.6789102571325143,-0.9231290480295677,0,1,1,0,1,0,1,0,0,0,0,1
393,0,-0.06770934116968982,-0.9136013636509956,0,1,1,0,1,0,1,0,0,0,1,0
394,1,-0.5042814240002786,0.8768369528063462,0,0,0,0,0,1,0,0,0,1,1,0
395,1,-0.41696700743416093,-0.2665005089917931,0,1,0,0,1,0,0,1,0,1,1,0
396,0,-0.5915958405663965,-0.9231290480295677,0,1,1,0,1,0,1,0,0,0,0,1
397,0,0.1942339085286635,-0.9188224167005539,0,1,0,0,1,1,0,0,0,0,0,1
398,0,1.5039501570204301,0.4193157814162508,1,0,1,0,1,0,1,0,0,0,0,1
399,0,-0.5042814240002786,-0.7237113692638223,1,0,1,0,1,0,0,0,1,0,0,1
400,1,-0.06770934116968982,-0.5651624419114251,1,0,0,0,1,0,0,1,0,0,0,1
401,1,0.8927492410576057,-0.9136013636509956,0,1,1,0,1,0,1,0,0,0,0,1
402,0,-0.24233817430192536,-0.9043834027584144,0,1,1,0,1,0,1,0,0,0,0,1
403,0,-0.6789102571325143,-0.773488358083761,0,1,0,0,1,1,0,0,0,0,1,0
404,0,-0.06770934116968982,-0.3291826430613455,0,1,1,0,1,0,1,0,0,0,1,0
405,0,-0.766224673698632,-0.8592153943847665,0,1,0,0,1,1,0,0,0,0,0,1
406,0,0.4561771582270168,0.05059734571300141,1,0,1,0,1,0,1,0,0,0,1,0
407,0,1.940522239851019,-0.9265065089006095,0,1,1,0,1,0,1,0,0,0,0,1
408,1,-2.2505697553226343,-0.11532595035346081,1,0,1,0,1,0,0,0,0,0,1,0
409,0,-0.6789102571325143,-0.9246629167220932,0,1,1,0,1,0,1,0,0,0,0,1
410,0,-0.6081855797139589,0.3799882730641422,0,1,0,0,1,1,0,0,0,0,0,0
411,0,0.3129815150585836,-0.9157546793155026,0,1,1,0,1,0,1,0,0,0,0,1
412,0,0.3129815150585836,-0.9922637547239269,0,1,1,1,0,0,1,0,0,0,0,1
413,1,0.36886274166089905,0.8768369528063462,0,0,0,1,0,1,0,0,0,1,1,0
414,0,0.3129815150585836,0.8768369528063462,1,0,1,0,1,0,1,0,0,0,0,1
415,1,1.3293213238881947,-0.9136013636509956,0,1,1,0,1,0,1,0,0,0,0,1
416,0,0.6212014055369794,-0.9043834027584144,0,1,0,0,1,0,0,1,0,0,0,1
417,1,0.4561771582270168,0.898649747830475,1,0,0,0,1,0,0,1,0,0,1,0
418,1,-0.9408535068308675,-0.5393521514121976,1,0,0,0,1,1,0,0,0,0,1,0
419,0,0.10691949196254573,-0.5393521514121976,1,0,1,0,1,0,1,0,0,0,0,1
420,0,-1.6393688393598098,0.2828899602060484,0,1,0,0,1,1,0,0,0,0,1,0
421,0,0.3129815150585836,-0.9157546793155026,0,1,1,0,0,0,1,0,0,0,0,1
422,0,-0.6789102571325143,-0.9277380284758583,0,1,1,1,0,0,1,0,0,0,0,1
423,0,0.019605075396427956,-0.9172885480080282,0,1,1,0,1,0,1,0,0,0,0,1
424,0,-0.06770934116968982,-0.43611098941528775,0,1,0,0,1,0,0,1,0,0,1,0
425,0,-0.9408535068308675,-0.00747580791026047,0,1,1,0,1,0,1,0,0,0,1,0
426,0,0.3129815150585836,-0.9633783524709344,0,1,1,0,1,0,1,0,0,0,0,1
427,1,-0.06770934116968982,0.4193157814162508,1,0,0,0,1,0,0,1,0,0,1,0
428,1,-0.8535390902647498,0.4193157814162508,1,0,0,0,1,1,0,0,0,0,0,1
429,0,0.3129815150585836,-0.9265065089006095,0,1,1,1,0,0,1,0,0,0,0,1
430,1,0.2815483250947813,-0.9043834027584144,0,1,1,0,1,0,1,0,0,1,0,1
431,1,-0.06770934116968982,0.45987480934360825,0,0,1,0,1,0,1,0,0,1,0,1
432,1,0.6212014055369794,-0.31074672127618286,0,1,0,0,1,0,0,1,0,0,1,0
433,1,1.154692490755959,0.4193157814162508,1,0,0,0,1,0,0,1,0,0,1,0
434,0,-1.0281679233969854,-0.9725963133635156,0,1,1,0,1,0,1,0,0,0,0,1
435,0,1.8532078232849012,2.624252026921682,0,0,1,0,1,0,1,0,0,1,1,0
436,1,-1.2901111730953387,0.8768369528063462,0,0,0,0,1,1,0,0,0,1,1,0
437,0,-0.6789102571325143,1.0369191612191935,0,1,0,0,1,1,0,0,0,0,0,0
438,1,-0.41696700743416093,-0.11532595035346081,1,0,0,0,1,0,0,1,0,0,0,0
439,0,0.6212014055369794,0.8768369528063462,0,0,1,0,1,0,1,0,0,1,0,0
440,0,0.1942339085286635,-0.7237113692638223,1,0,1,0,1,0,1,0,0,0,0,1
441,1,1.4166357404543124,0.43775170320141327,1,0,0,0,1,0,0,1,0,0,1,0
442,0,-0.766224673698632,-0.7974550564044721,0,1,1,0,1,0,1,0,0,0,0,1
443,0,-0.32965259086804316,-0.9246629167220932,0,1,1,0,1,0,1,0,0,0,1,0
444,1,-0.06770934116968982,-0.5393521514121976,1,0,0,0,1,1,0,0,0,0,0,1
445,1,0.3129815150585836,-0.8997744223121238,0,1,1,0,1,0,1,0,0,0,0,1
446,1,-2.1632553387565165,0.8768369528063462,0,0,1,0,1,0,0,0,0,1,1,0
447,1,-1.3774255896614565,-0.0600181849979734,1,0,0,0,1,1,0,0,0,0,1,0
448,1,0.4561771582270168,0.45987480934360825,0,0,1,0,1,0,1,0,0,0,0,1
449,1,-2.075940922190399,-0.0778420341798686,0,1,0,0,0,1,0,0,0,0,1,0
450,1,2.027836656417137,0.7511623735491753,0,0,1,0,1,0,0,0,1,1,0,1
451,0,0.6308059913592524,0.5483672339123881,1,0,1,0,1,0,1,0,0,0,1,0
452,0,0.3129815150585836,-0.025602006209432145,0,1,1,0,1,0,1,0,0,0,1,0
453,0,0.10691949196254573,0.5483672339123881,0,0,1,0,0,0,1,0,0,1,0,1
454,1,1.7658934067187835,0.8768369528063462,0,0,1,0,0,0,1,0,0,1,1,0
455,0,0.3129815150585836,-0.9043834027584144,0,1,1,0,1,0,1,0,0,0,0,1
456,1,0.019605075396427956,-0.9157546793155026,0,1,1,0,0,0,1,0,0,0,0,1
457,0,0.6212014055369794,0.45987480934360825,0,0,1,0,1,0,1,0,0,1,0,1
458,1,0.6212014055369794,2.326511890091308,0,0,0,0,1,0,0,1,0,1,1,0
459,1,1.8532078232849012,-0.7237113692638223,1,0,0,0,1,1,0,0,0,0,0,1
460,0,0.3129815150585836,-0.9265065089006095,0,1,1,1,0,0,1,0,0,0,0,1
461,1,1.6785789901526658,0.45987480934360825,0,0,1,0,1,0,1,0,0,1,0,1
462,0,0.4561771582270168,-0.9043834027584144,0,1,1,0,1,0,1,0,0,0,0,1
463,0,1.5912645735865478,1.3411118706743743,0,0,1,0,1,0,1,0,0,1,0,1
464,0,1.6785789901526658,-0.5393521514121976,1,0,1,0,1,0,1,0,0,0,0,1
465,0,0.3129815150585836,-0.9043834027584144,0,1,1,0,1,0,1,0,0,0,0,1
466,0,0.805434824491488,-0.9781270898990643,0,1,1,0,1,0,1,0,0,0,0,1
467,0,0.3129815150585836,0.8768369528063462,1,0,1,0,1,0,1,0,0,0,0,1
468,0,2.3770943226816077,0.45987480934360825,0,0,1,0,1,0,1,0,0,0,0,1
469,0,0.3129815150585836,-0.9283501010791257,0,1,1,1,0,0,1,0,0,0,0,1
470,1,-2.447027192596399,-0.0778420341798686,0,1,0,0,0,1,0,0,0,0,1,0
471,0,0.3129815150585836,-0.9633783524709344,0,1,1,0,1,0,1,0,0,0,0,1
472,0,0.805434824491488,-0.8592153943847665,0,1,1,0,1,0,1,0,0,0,0,1
473,1,0.36886274166089905,0.5483672339123881,1,0,0,0,1,0,0,1,0,0,1,0
474,1,-0.5042814240002786,-0.48096927430294506,1,0,0,0,0,0,0,1,0,1,0,1
475,0,-0.5915958405663965,-0.7725665619945028,0,1,0,0,1,1,0,0,0,0,0,1
476,0,0.3129815150585836,2.3366516470731478,0,0,1,0,1,0,1,0,0,1,0,1
477,0,0.4561771582270168,0.05059734571300141,1,0,1,0,1,0,1,0,0,0,1,0
478,0,0.019605075396427956,-0.9784368133850551,0,1,1,0,1,0,1,0,0,0,1,0
479,0,-0.5915958405663965,-0.9434085619932463,0,1,1,0,1,0,1,0,0,0,0,1
480,1,-2.337884171888752,-0.5918945284999106,0,1,0,0,1,1,0,0,0,0,1,0
481,0,-1.7266832559259275,1.9605588426558331,0,1,1,0,1,0,0,0,0,0,0,0
482,0,0.3129815150585836,0.8768369528063462,1,0,1,0,1,0,1,0,0,0,0,1
483,0,1.8532078232849012,-0.9043834027584144,0,1,1,0,1,0,1,0,0,0,0,1
484,1,0.6212014055369794,-0.7910024837796653,0,1,0,0,1,0,0,1,0,0,0,1
485,1,-0.32965259086804316,0.8768369528063462,0,0,1,0,0,0,1,0,0,1,1,0
486,0,-0.6081855797139589,0.3799882730641422,0,1,0,0,1,1,0,0,0,0,0,0
487,1,0.5434915747931346,0.8768369528063462,0,0,0,0,1,0,0,1,0,1,1,0
488,0,0.6212014055369794,0.6921674238366553,0,0,1,0,0,0,1,0,0,1,0,1
489,0,0.10691949196254573,-0.9043834027584144,0,1,1,0,1,0,1,0,0,0,0,1
490,1,-1.7266832559259275,-0.32549545870431296,0,1,1,0,1,0,0,0,0,0,1,0
491,0,0.3129815150585836,-0.025602006209432145,0,1,1,0,1,0,1,0,0,0,1,0
492,0,-0.6789102571325143,-0.9633783524709344,0,1,1,0,1,0,1,0,0,0,0,1
493,0,2.28977990611549,0.7511623735491753,0,0,1,0,1,0,1,0,0,1,0,1
494,0,0.6212014055369794,2.152602152707513,0,0,1,0,0,0,1,0,0,0,0,1
495,0,-0.6789102571325143,-0.9043834027584144,0,1,1,0,1,0,1,0,0,0,0,1
496,0,0.3129815150585836,-0.43181173245498794,0,1,1,0,0,0,1,0,0,0,0,1
497,1,2.2024654895493723,0.8768369528063462,0,0,0,0,0,1,0,0,0,1,1,0
498,0,0.3129815150585836,-0.3844904084168329,0,1,1,0,1,0,1,0,0,0,0,1
499,0,-0.32965259086804316,0.8768369528063462,0,0,0,0,1,0,0,1,0,1,1,0
500,0,-0.41696700743416093,-0.9231290480295677,0,1,1,0,1,0,1,0,0,0,0,1
501,0,-1.0281679233969854,-0.8592153943847665,0,1,1,0,1,0,1,0,0,0,0,1
502,0,-0.6789102571325143,-0.9265065089006095,0,1,0,1,0,1,0,0,0,0,0,1
503,0,-0.6081855797139589,-0.9354147463071999,0,1,0,1,0,1,0,0,0,0,0,1
504,0,0.7181204079253701,-0.7910024837796653,0,1,0,0,1,1,0,0,0,0,0,1
505,1,-1.115482339963103,0.8768369528063462,0,0,0,0,1,1,0,0,0,1,0,1
506,0,-0.9408535068308675,0.8768369528063462,0,0,1,0,0,0,1,0,0,1,1,0
507,1,0.36886274166089905,0.4193157814162508,1,0,0,0,1,0,0,1,0,0,1,0
508,1,0.3129815150585836,0.45987480934360825,0,0,1,0,1,0,1,0,0,0,0,1
509,0,-0.06770934116968982,0.16305646860249237,0,1,1,0,1,0,1,0,0,0,0,1
510,1,-0.24233817430192536,2.6681885157200815,0,1,1,0,1,0,1,0,0,0,0,1
511,1,0.019605075396427956,-0.9265065089006095,0,1,1,1,0,0,1,0,0,0,0,1
512,0,0.3129815150585836,-0.9043834027584144,0,1,1,0,1,0,1,0,0,0,0,1
513,1,0.6308059913592524,0.4405170914691877,0,0,1,0,1,0,1,0,0,1,0,1
514,1,2.2024654895493723,2.8823549319139565,0,0,0,0,0,0,0,1,0,0,1,0
515,0,-0.41696700743416093,-0.9452521541717627,0,1,1,0,1,0,1,0,0,0,0,1
516,0,1.5912645735865478,1.0107991472339755,0,0,1,0,1,0,1,0,0,1,0,1
517,1,0.4561771582270168,-0.7237113692638223,1,0,0,0,1,0,0,1,0,1,0,1
518,0,0.3129815150585836,0.2828899602060484,0,1,1,1,0,0,1,0,0,0,0,1
519,1,0.6308059913592524,0.4193157814162508,1,0,0,0,1,0,0,1,0,0,1,0
520,0,0.2815483250947813,-0.9157546793155026,0,1,1,0,1,0,1,0,0,0,0,1
521,1,0.10691949196254573,0.8768369528063462,0,0,0,0,1,1,0,0,0,1,0,1
522,0,-0.5915958405663965,-0.9157546793155026,0,1,1,0,1,0,1,0,0,0,0,1
523,0,0.3129815150585836,-0.9652219446494507,0,1,1,0,0,0,1,0,0,0,0,1
524,1,1.3293213238881947,2.777579901224521,0,0,0,0,0,0,0,1,0,1,1,0
525,0,0.3129815150585836,-0.96491222116346,0,1,1,0,0,0,1,0,0,0,0,1
526,0,1.0237208659067825,-0.9265065089006095,0,1,1,1,0,0,1,0,0,0,0,1
527,1,1.8532078232849012,-0.7237113692638223,1,0,0,0,1,1,0,0,0,0,0,1
528,0,0.3129815150585836,0.8768369528063462,0,0,1,0,1,0,1,0,0,1,0,1
529,0,0.8927492410576057,-0.9136013636509956,0,1,1,0,1,0,1,0,0,0,0,1
530,0,-0.5042814240002786,-0.6499676821231725,1,0,1,0,1,0,1,0,0,0,1,0
531,1,-2.337884171888752,0.4193157814162508,1,0,0,0,1,1,0,0,0,0,1,0
532,0,0.3129815150585836,-0.96491222116346,0,1,1,0,0,0,1,0,0,0,0,1
533,0,-1.0281679233969854,-0.96491222116346,0,1,1,0,0,0,1,0,0,0,1,0
534,1,0.6212014055369794,0.15076339595614613,0,1,0,0,0,0,0,1,0,0,1,0
535,0,0.10691949196254573,-0.8592153943847665,0,1,0,0,1,1,0,0,0,0,0,1
536,1,-1.9013120890581632,0.43775170320141327,1,0,0,0,1,1,0,0,0,0,1,0
537,0,1.4166357404543124,0.45987480934360825,0,0,1,0,1,0,0,0,1,1,0,1
538,1,0.10691949196254573,0.8768369528063462,0,0,0,0,0,1,0,0,0,0,0,1
539,0,0.3129815150585836,-0.42873662070122276,0,1,1,0,1,0,1,0,0,0,0,1
540,1,-0.5915958405663965,2.152292429221523,0,0,0,0,0,1,0,0,0,1,1,0
541,1,0.6308059913592524,0.8768369528063462,0,0,0,0,1,1,0,0,0,1,1,0
542,0,-1.7266832559259275,0.8083137310831788,0,1,0,0,1,1,0,0,0,0,0,0
543,0,-1.552054422793692,0.8083137310831788,0,1,0,0,1,1,0,0,0,0,0,0
544,1,0.2815483250947813,0.4193157814162508,1,0,1,0,1,0,1,0,0,0,1,0
545,0,1.8532078232849012,0.8768369528063462,0,0,1,0,0,0,1,0,0,1,1,0
546,0,0.6212014055369794,0.4193157814162508,0,0,1,0,1,0,1,0,0,0,0,1
547,1,-0.8535390902647498,0.4193157814162508,1,0,0,0,1,0,0,1,0,0,1,0
548,1,0.3129815150585836,-0.475748221253387,1,0,1,0,0,0,1,0,0,0,0,1
549,0,0.36886274166089905,0.015569094321192616,0,1,1,0,1,0,1,0,0,0,1,0
550,1,-1.8139976724920452,1.212060418178237,1,0,1,0,1,0,0,0,0,0,1,0
551,1,-1.0281679233969854,0.8768369528063462,0,0,1,0,0,0,1,0,0,1,1,0
552,0,-0.1550237577358076,0.4193157814162508,1,0,1,0,1,0,1,0,0,0,0,1
553,0,0.3129815150585836,-0.92066600887907,0,1,1,1,0,0,1,0,0,0,0,1
554,1,-0.5915958405663965,-0.9652219446494507,0,1,1,0,0,0,1,0,0,0,0,1
555,1,-0.5915958405663965,-0.9246629167220932,0,1,0,0,1,1,0,0,0,0,0,1
556,0,0.6212014055369794,0.45987480934360825,0,0,1,0,1,0,1,0,0,0,0,1
557,1,1.6785789901526658,1.4222299265290892,0,0,0,0,0,0,0,0,1,1,1,0
558,0,0.3129815150585836,0.8768369528063462,0,0,1,0,0,0,1,0,0,0,0,1
559,1,0.8927492410576057,0.8768369528063462,0,0,0,0,1,0,0,1,0,1,1,0
560,1,0.6308059913592524,-0.21487992799333824,0,1,0,0,1,0,0,1,0,0,1,0
561,0,0.3129815150585836,-0.9265065089006095,0,1,1,1,0,0,1,0,0,0,0,1
562,0,0.9800636576237235,-0.9157546793155026,0,1,1,0,1,0,1,0,0,0,0,1
563,0,-0.06770934116968982,-0.5024803078418727,1,0,1,0,1,0,1,0,0,0,0,1
564,0,0.3129815150585836,-0.9043834027584144,0,1,1,0,1,0,1,0,0,0,0,1
565,0,-0.6081855797139589,-0.9043834027584144,0,1,0,0,1,1,0,0,0,0,0,1
566,0,-0.41696700743416093,0.2828899602060484,0,1,1,0,1,0,1,0,0,0,1,0
567,0,-0.8535390902647498,-0.9157546793155026,0,1,1,0,1,0,1,0,0,0,0,1
568,0,0.019605075396427956,0.0561281222485501,0,1,0,0,1,0,0,1,0,0,0,0
569,0,0.3129815150585836,-0.96491222116346,0,1,1,0,0,0,1,0,0,0,0,1
570,1,0.2815483250947813,-0.9188224167005539,0,1,1,0,1,0,1,0,0,0,0,1
571,1,0.6212014055369794,-0.7237113692638223,1,0,1,0,1,0,1,0,0,0,0,1
572,1,2.1151510729832546,2.298245934810297,0,0,0,0,1,0,0,1,0,1,1,0
573,1,0.6308059913592524,0.44789146018325254,0,0,1,0,1,0,1,0,0,1,0,1
574,1,-0.6081855797139589,-0.9265065089006095,0,1,0,1,0,1,0,0,0,0,0,1
575,0,-1.115482339963103,-0.9043834027584144,0,1,1,0,1,0,1,0,0,0,0,1
576,0,-0.8535390902647498,-0.42873662070122276,0,1,1,0,1,0,1,0,0,0,0,1
577,1,0.4561771582270168,-0.5393521514121976,1,0,0,0,1,1,0,0,0,0,0,1
578,1,0.8927492410576057,2.624252026921682,0,0,0,0,1,0,0,1,0,1,1,0
579,0,0.6212014055369794,-0.43181173245498794,0,1,0,0,0,0,0,1,0,0,1,0
580,1,0.2815483250947813,-0.9136013636509956,0,1,1,0,1,0,1,0,0,0,0,1
581,1,-0.32965259086804316,0.7142905299788503,1,0,0,0,1,1,0,0,0,0,1,0
582,1,0.8927492410576057,0.8768369528063462,0,0,0,0,0,0,0,1,0,1,1,0
583,0,2.2024654895493723,0.4193157814162508,1,0,1,0,1,0,1,0,0,0,0,1
584,0,0.6308059913592524,1.4609453622779303,0,0,1,0,0,0,1,0,0,1,0,1
585,0,0.3129815150585836,-0.8555282100277339,0,1,1,0,0,0,1,0,0,0,0,1
586,1,-0.9408535068308675,0.8768369528063462,0,0,0,0,1,1,0,0,0,1,1,0
587,0,1.5912645735865478,-0.39186477713089785,1,0,1,0,1,0,1,0,0,0,0,1
588,1,0.6212014055369794,0.8768369528063462,0,0,1,0,0,0,1,0,0,1,1,0
589,0,-0.5915958405663965,-0.9043834027584144,0,1,1,0,1,0,1,0,0,0,0,1
590,0,0.3129815150585836,-0.9043834027584144,0,1,1,0,1,0,1,0,0,0,0,1
591,0,0.5434915747931346,-0.9725963133635156,0,1,1,0,1,0,1,0,0,0,0,1
592,1,2.027836656417137,0.8768369528063462,0,0,0,0,0,0,0,1,0,1,1,0
593,0,1.5912645735865478,-0.9633783524709344,0,1,1,0,1,0,1,0,0,0,0,1
594,0,-0.6081855797139589,-0.9265065089006095,0,1,0,1,0,1,0,0,0,0,1,0
595,0,0.7181204079253701,0.4193157814162508,1,0,1,0,1,0,1,0,0,0,1,0
596,0,0.6308059913592524,0.2828899602060484,0,1,1,0,1,0,1,0,0,0,1,0
597,1,-0.6081855797139589,0.9355215914007999,1,0,0,0,1,1,0,0,0,0,0,1
598,0,1.7658934067187835,0.8768369528063462,0,1,1,0,1,0,1,0,0,0,0,1
599,0,0.3129815150585836,-0.9652219446494507,0,1,1,0,0,0,1,0,0,0,0,1
600,1,1.7658934067187835,2.700149029726839,0,0,1,0,0,0,0,0,1,1,1,0
601,1,-0.41696700743416093,0.4930594685569007,1,0,0,0,1,0,0,1,0,0,1,0
602,0,0.3129815150585836,-0.9157546793155026,0,1,1,0,1,0,1,0,0,0,0,1
603,0,0.3129815150585836,1.6287122505229086,0,0,1,0,1,0,1,0,0,0,0,1
604,0,1.3293213238881947,-0.9043834027584144,0,1,1,0,1,0,1,0,0,0,0,1
605,1,0.5434915747931346,0.45987480934360825,0,0,1,0,0,0,1,0,0,0,0,1
606,0,0.6308059913592524,-0.35130574920354035,0,1,1,0,1,0,1,0,0,0,1,0
607,0,0.10691949196254573,-0.9157546793155026,0,1,1,0,1,0,1,0,0,0,0,1
608,1,-0.1550237577358076,0.7511623735491753,0,0,1,0,1,0,1,0,0,0,0,1
609,1,-0.5915958405663965,1.5681834321178634,1,0,0,0,0,0,0,1,0,0,1,0
610,1,0.9800636576237235,0.8768369528063462,0,0,0,0,1,1,0,0,0,1,0,1
611,0,0.8927492410576057,0.8083137310831788,0,1,0,0,1,0,0,1,0,0,0,0
612,0,0.3129815150585836,-0.9781270898990643,0,1,1,0,1,0,1,0,0,0,0,1
613,1,-0.6081855797139589,-0.35499293356057293,0,1,0,1,0,1,0,0,0,0,1,0
614,0,0.3129815150585836,-0.9265065089006095,0,1,1,1,0,0,1,0,0,0,0,1
615,0,0.5434915747931346,-0.9043834027584144,0,1,1,0,1,0,1,0,0,0,0,1
616,1,-0.41696700743416093,3.2953195799015957,1,0,0,0,1,1,0,0,0,0,1,0
617,0,0.4561771582270168,-0.43611098941528775,0,1,1,0,1,0,1,0,0,0,1,0
618,0,-0.24233817430192536,-0.31074672127618286,0,1,0,0,1,0,0,1,0,0,1,0
619,1,-2.1632553387565165,1.3779837142446991,1,0,0,0,1,1,0,0,0,1,1,0
620,0,-0.24233817430192536,-0.7237113692638223,1,0,1,0,1,0,1,0,0,0,0,1
621,0,-0.1550237577358076,-0.43211408157226455,0,1,1,0,0,0,1,0,0,0,1,0
622,1,1.154692490755959,2.377520398486496,0,0,1,0,1,0,1,0,0,1,1,0
623,1,-0.766224673698632,-0.3371690843786778,0,1,1,0,0,0,1,0,0,0,1,0
624,0,-0.6789102571325143,-0.9188224167005539,0,1,1,0,1,0,1,0,0,0,0,1
625,0,-0.6789102571325143,-0.31074672127618286,0,1,1,0,1,0,1,0,0,0,0,1
626,0,0.6212014055369794,0.8854348790948704,0,0,1,0,1,0,1,0,0,1,0,1
627,0,2.464408739247726,-0.58728554805362,1,0,1,1,0,0,0,0,1,0,0,1
628,1,-0.6789102571325143,0.8768369528063462,0,0,0,0,1,1,0,0,0,1,0,1
629,0,-0.24233817430192536,-0.9157546793155026,0,1,1,0,1,0,1,0,0,0,0,1
630,0,0.3129815150585836,-0.9277380284758583,0,1,1,1,0,0,1,0,0,0,0,1
631,1,0.6212014055369794,0.7142905299788503,0,0,1,0,1,0,1,0,0,1,0,1
632,0,1.940522239851019,-0.9778173664130736,0,1,1,0,1,0,1,0,0,0,0,1
633,1,0.2815483250947813,0.7511623735491753,0,0,1,0,0,0,0,0,1,1,0,1
634,0,0.3129815150585836,0.8768369528063462,0,0,1,0,1,0,1,0,0,0,0,1
635,0,-1.7266832559259275,0.5594287869834854,0,1,0,0,1,1,0,0,0,0,0,0
636,1,-0.06770934116968982,-0.5393521514121976,1,0,0,0,1,1,0,0,0,0,0,1
637,0,0.2815483250947813,-0.9136013636509956,0,1,1,0,1,0,1,0,0,0,0,1
638,0,0.1942339085286635,0.43775170320141327,1,0,1,0,1,0,1,0,0,0,1,0
639,0,1.0673780741898413,1.428682499153896,0,1,0,0,1,0,0,1,0,0,0,0
640,0,0.3129815150585836,-0.31074672127618286,0,1,1,0,1,0,1,0,0,0,1,0
641,0,-0.766224673698632,-0.9188224167005539,0,1,1,0,1,0,1,0,0,0,0,1
642,1,-0.41696700743416093,0.8768369528063462,0,0,0,0,0,0,0,0,1,1,0,1
643,0,-2.337884171888752,0.5594287869834854,0,1,0,0,1,1,0,0,0,0,0,0
644,1,0.3129815150585836,2.6681885157200815,0,1,1,0,1,0,1,0,0,0,0,1
645,1,-2.447027192596399,-0.0778420341798686,0,1,0,0,0,1,0,0,0,0,1,0
646,1,1.6785789901526658,0.8768369528063462,0,0,1,0,0,0,1,0,0,1,1,0
647,0,-0.8535390902647498,-0.9157546793155026,0,1,1,0,1,0,1,0,0,0,0,1
648,1,2.3770943226816077,1.1198808092524246,0,0,1,0,0,0,0,0,1,1,0,1
649,0,0.3129815150585836,-0.9412552463287394,0,1,1,0,1,0,1,0,0,0,0,1
650,1,-0.5042814240002786,-0.9412552463287394,0,1,0,0,1,1,0,0,0,0,0,1
651,0,0.3129815150585836,-0.9157546793155026,0,1,1,0,1,0,1,0,0,0,0,1
652,1,-0.9408535068308675,0.19808471999430116,1,0,0,0,1,1,0,0,0,0,1,0
653,0,-0.6789102571325143,-0.8761174474774035,0,1,1,0,1,0,1,0,0,0,0,1
654,1,-0.6081855797139589,-0.92066600887907,0,1,0,1,0,1,0,0,0,0,0,1
655,0,-0.9408535068308675,-1.0002501960412593,0,1,0,1,0,1,0,0,0,0,0,1
656,0,-0.41696700743416093,0.8768369528063462,1,0,1,0,1,0,1,0,0,0,1,0
657,0,0.3129815150585836,-0.9157546793155026,0,1,1,0,1,0,1,0,0,0,0,1
658,0,0.2815483250947813,-0.35499293356057293,0,1,0,1,0,0,0,1,0,0,1,0
659,0,-0.5042814240002786,-0.5393521514121976,1,0,1,0,1,0,1,0,0,0,0,1
660,0,0.6212014055369794,0.8768369528063462,0,0,1,0,0,0,1,0,0,1,1,0
661,1,1.8532078232849012,0.8768369528063462,0,0,1,0,1,0,0,0,1,0,1,0
662,0,0.9800636576237235,-0.9652219446494507,0,1,1,0,0,0,1,0,0,0,0,1
663,0,1.5912645735865478,0.3888965104707326,0,0,1,0,1,0,1,0,0,1,0,1
664,0,0.6308059913592524,-0.9452521541717627,0,1,1,0,1,0,1,0,0,0,0,1
665,1,-0.766224673698632,-0.9136013636509956,0,1,1,0,1,0,1,0,0,0,1,0
666,0,0.2815483250947813,0.8768369528063462,1,0,1,0,1,0,1,0,0,0,1,0
667,0,-0.32965259086804316,-0.5393521514121976,1,0,1,0,1,0,1,0,0,0,0,1
668,0,0.3129815150585836,-0.9246629167220932,0,1,1,0,1,0,1,0,0,0,0,1
669,0,1.2420069073220767,-0.9043834027584144,0,1,1,0,1,0,1,0,0,0,0,1
670,1,0.6212014055369794,2.3366516470731478,0,0,0,0,1,0,0,1,0,1,1,0
671,1,0.9800636576237235,1.3779837142446991,1,0,0,0,1,0,0,1,0,0,1,0
672,0,0.1942339085286635,2.3366516470731478,0,0,1,0,1,0,1,0,0,1,1,0
673,0,0.6212014055369794,-0.7237113692638223,1,0,1,0,1,0,1,0,0,0,0,1
674,1,0.1942339085286635,-0.5393521514121976,1,0,1,0,1,0,1,0,0,0,0,1
675,0,0.3129815150585836,0.8768369528063462,1,0,1,0,1,0,1,0,0,0,0,1
676,0,-0.9408535068308675,-0.9246629167220932,0,1,1,0,1,0,1,0,0,0,0,1
677,0,-0.373309799151102,-0.9043834027584144,0,1,1,0,1,0,1,0,0,0,0,1
678,1,-0.9408535068308675,-0.7722568385085121,0,1,0,0,1,1,0,0,0,0,0,1
679,0,1.2420069073220767,1.9605588426558331,0,1,0,0,1,0,0,1,0,0,0,0
680,1,0.6308059913592524,0.8768369528063462,0,0,1,0,0,0,1,0,0,1,1,0
681,0,-0.6081855797139589,-0.8979308301336076,0,1,0,1,0,1,0,0,0,0,0,1
682,1,-0.1550237577358076,0.8768369528063462,0,0,1,0,0,0,1,0,0,1,0,1
683,0,-0.766224673698632,-0.8177345703681509,0,1,1,0,1,0,1,0,0,0,0,1
684,0,-1.2901111730953387,1.9605588426558331,0,1,1,0,1,0,1,0,0,0,0,0
685,0,0.6212014055369794,1.3779837142446991,1,0,1,0,1,0,1,0,0,0,1,0
686,0,-0.32965259086804316,1.5681834321178634,1,0,1,0,0,0,1,0,0,0,1,0
687,0,-1.2901111730953387,1.428682499153896,0,1,1,0,1,0,1,0,0,0,0,0
688,0,-0.8535390902647498,-0.7479877910705243,0,1,1,0,1,0,1,0,0,0,0,1
689,0,-0.9408535068308675,-0.9231290480295677,0,1,1,0,1,0,1,0,0,0,0,1
690,1,-1.2027967565292208,0.8768369528063462,0,0,0,0,1,1,0,0,0,1,1,0
691,1,0.1942339085286635,2.705370082776397,0,0,1,0,1,0,1,0,0,1,1,0
692,1,-2.1632553387565165,-0.5086231569806887,0,1,0,0,0,1,0,0,0,0,1,0
693,1,0.3129815150585836,2.6681885157200815,0,1,1,0,1,0,1,0,0,0,0,1
694,0,-0.32965259086804316,-0.9652219446494507,0,1,1,0,0,0,1,0,0,0,0,1
695,0,0.6212014055369794,0.45987480934360825,0,0,1,0,1,0,0,0,1,0,0,1
696,0,2.027836656417137,-0.5024803078418727,1,0,1,0,1,0,1,0,0,0,0,1
697,0,1.3293213238881947,-0.9043834027584144,0,1,1,0,1,0,1,0,0,0,0,1
698,1,-0.6081855797139589,-0.9277380284758583,0,1,0,1,0,1,0,0,0,0,0,1
699,0,1.7658934067187835,0.8768369528063462,0,0,1,0,0,0,1,0,0,1,1,0
700,0,1.154692490755959,-0.9338808776146744,0,1,1,0,1,0,1,0,0,1,0,1
701,1,-0.9408535068308675,0.8768369528063462,0,0,0,0,0,0,0,1,0,1,1,0
702,1,0.5434915747931346,0.4405170914691877,0,0,1,0,1,0,1,0,0,1,0,1
703,0,-0.9408535068308675,-0.43211408157226455,0,1,0,0,0,1,0,0,0,0,1,0
704,0,-0.32965259086804316,-0.9271185815038768,0,1,1,1,0,0,1,0,0,0,0,1
705,0,-0.24233817430192536,-0.9188224167005539,0,1,1,0,1,0,1,0,0,0,1,0
706,0,0.8927492410576057,0.4193157814162508,1,0,1,0,1,0,1,0,0,0,0,1
707,1,1.4166357404543124,-0.5024803078418727,1,0,0,0,1,0,0,1,0,0,0,1
708,1,1.154692490755959,0.4405170914691877,0,0,1,0,1,0,1,0,0,1,0,1
709,1,-0.5915958405663965,0.8768369528063462,0,0,0,0,1,1,0,0,0,0,0,1
710,1,-2.113486121313829,-0.3737385788317262,0,1,1,0,0,0,0,0,0,0,1,0
711,1,-0.41696700743416093,2.152602152707513,0,0,0,0,0,0,0,0,1,1,0,1
712,0,0.3129815150585836,0.45987480934360825,0,0,1,0,1,0,1,0,0,1,0,1
713,1,1.6785789901526658,2.3366516470731478,0,0,1,0,1,0,1,0,0,1,1,0
714,0,0.019605075396427956,-0.798686575979721,0,1,1,0,1,0,1,0,0,0,0,1
715,0,2.027836656417137,-0.5393521514121976,1,0,1,0,1,0,1,0,0,0,0,1
716,0,-0.8535390902647498,-0.9338808776146744,0,1,1,0,1,0,1,0,0,1,0,1
717,1,0.805434824491488,0.8768369528063462,0,0,0,0,0,1,0,0,0,1,0,1
718,1,-0.1550237577358076,-0.7237113692638223,1,0,0,0,1,1,0,0,0,1,0,1
719,0,0.3129815150585836,-0.35499293356057293,0,1,1,1,0,0,1,0,0,0,0,1
720,0,0.36886274166089905,-0.9246629167220932,0,1,1,0,1,0,1,0,0,0,0,1
721,1,-1.988626505624281,0.9355215914007999,1,0,0,0,1,1,0,0,0,0,1,0
722,0,-1.0281679233969854,-0.9778173664130736,0,1,1,0,1,0,1,0,0,0,1,0
723,0,0.4561771582270168,-0.5393521514121976,1,0,1,0,1,0,1,0,0,0,0,1
724,0,1.8532078232849012,-0.5393521514121976,1,0,1,0,1,0,1,0,0,0,0,1
725,1,-0.1550237577358076,2.4177697029278624,0,0,1,0,1,0,1,0,0,1,1,0
726,0,-0.766224673698632,-0.8592153943847665,0,1,1,0,1,0,1,0,0,0,0,1
727,1,0.10691949196254573,0.05059734571300141,1,0,0,0,1,0,0,1,0,0,1,0
728,1,-0.6081855797139589,-0.9274283049898675,0,1,0,1,0,1,0,0,0,0,0,1
729,0,-0.32965259086804316,0.4193157814162508,1,0,1,0,1,0,1,0,0,0,1,0
730,0,-0.32965259086804316,-0.9136013636509956,0,1,0,0,1,1,0,0,0,0,1,0
731,1,0.019605075396427956,0.8768369528063462,0,0,0,0,1,1,0,0,0,1,0,1
732,0,-1.552054422793692,-0.11256056208568634,0,1,1,0,0,0,1,0,0,0,0,1
733,0,0.3129815150585836,0.8768369528063462,1,0,1,0,1,0,1,0,0,0,0,1
734,0,-0.5042814240002786,-0.5393521514121976,1,0,1,0,1,0,1,0,0,0,0,1
735,0,-0.5042814240002786,-0.5393521514121976,1,0,1,0,1,0,1,0,0,0,0,1
736,0,-0.024052132886630932,-0.31074672127618286,0,1,1,0,1,0,1,0,0,0,0,1
737,0,1.6785789901526658,1.0369191612191935,0,1,0,0,1,0,0,1,0,0,0,0
738,1,0.5434915747931346,0.8768369528063462,0,0,1,0,0,0,1,0,0,1,0,1
739,0,0.3129815150585836,-0.9157546793155026,0,1,1,0,1,0,1,0,0,0,0,1
740,0,0.3129815150585836,-0.9157546793155026,0,1,1,0,1,0,1,0,0,0,0,1
741,1,0.3129815150585836,0.7142905299788503,0,0,1,0,1,0,1,0,0,1,0,1
742,0,0.6308059913592524,0.8768369528063462,0,0,1,0,1,0,1,0,0,1,1,0
743,1,-0.6789102571325143,0.8768369528063462,0,0,0,0,0,1,0,0,0,1,0,0
744,0,-0.41696700743416093,-0.31074672127618286,0,1,1,0,1,0,1,0,0,0,1,0
745,1,0.1942339085286635,-0.9136013636509956,0,1,1,0,1,0,1,0,0,0,0,1
746,0,0.6212014055369794,0.8768369528063462,0,0,1,0,1,0,0,0,1,1,1,0
747,0,-1.115482339963103,-0.004710419642485995,0,1,1,0,1,0,1,0,0,0,1,0
748,1,0.10691949196254573,-0.5393521514121976,1,0,0,0,1,1,0,0,0,0,0,1
749,0,-0.8535390902647498,2.4177697029278624,0,0,1,0,1,0,1,0,0,1,1,0
750,0,0.1942339085286635,-0.9265065089006095,0,1,1,1,0,0,1,0,0,0,0,1
751,1,-2.1632553387565165,0.19808471999430116,1,0,0,0,1,1,0,0,0,0,1,0
752,1,-1.988626505624281,-0.5780675871610388,0,1,1,0,1,0,0,0,0,1,1,0
753,0,0.36886274166089905,-0.7974550564044721,0,1,1,0,1,0,1,0,0,0,0,1
754,0,-0.5042814240002786,-0.9157546793155026,0,1,1,0,1,0,1,0,0,0,0,1
755,1,1.6785789901526658,3.2953195799015957,1,0,0,0,1,0,0,1,0,0,1,0
756,1,-0.6081855797139589,-0.42873662070122276,1,0,1,0,1,0,0,0,0,0,1,0
757,0,-0.06770934116968982,-0.9231290480295677,0,1,1,0,1,0,1,0,0,0,0,1
758,0,-0.9408535068308675,-0.6499676821231725,1,0,1,0,1,0,1,0,0,0,0,1
759,0,0.4561771582270168,-0.9043834027584144,0,1,1,0,1,0,1,0,0,0,0,1
760,1,0.36886274166089905,0.8768369528063462,0,0,0,0,1,0,0,0,1,1,0,1
761,0,0.3129815150585836,-0.42873662070122276,0,1,1,0,1,0,1,0,0,0,0,1
762,0,1.0673780741898413,-0.9725963133635156,0,1,1,0,1,0,1,0,0,0,0,1
763,1,-0.766224673698632,-0.96491222116346,0,1,1,0,0,0,1,0,0,0,0,1
764,1,0.6308059913592524,0.8768369528063462,0,0,0,0,1,0,0,1,0,1,1,0
765,0,-1.115482339963103,-0.9246629167220932,0,1,1,0,1,0,1,0,0,0,0,1
766,1,1.940522239851019,0.8768369528063462,0,0,0,0,1,0,0,1,0,1,1,0
767,0,1.2385143306594322,1.4222299265290892,0,0,1,0,0,0,0,0,1,0,0,1
768,0,0.15057670024560463,-0.9265065089006095,0,1,0,1,0,1,0,0,0,0,0,1
769,0,0.3129815150585836,0.2828899602060484,0,1,1,1,0,0,1,0,0,0,1,0
770,0,0.2815483250947813,-0.8813385005269614,0,1,1,0,1,0,1,0,0,0,0,1
771,0,-0.41696700743416093,-0.7974550564044721,0,1,1,0,1,0,1,0,0,0,0,1
772,0,1.6785789901526658,-0.9188224167005539,0,1,1,0,1,0,1,0,0,0,0,1
773,0,2.464408739247726,-0.7237113692638223,1,0,0,0,1,0,0,1,0,1,0,1
774,0,0.3129815150585836,-0.9652219446494507,0,1,1,0,0,0,1,0,0,0,0,1
775,1,2.2024654895493723,0.19808471999430116,1,0,0,0,1,0,0,1,0,0,0,0
776,0,-0.9408535068308675,-0.9265065089006095,0,1,1,0,1,0,1,0,0,0,0,1
777,0,0.3129815150585836,-0.9265065089006095,0,1,1,1,0,0,1,0,0,1,0,1
778,1,-2.075940922190399,-0.5780675871610388,0,1,0,0,1,1,0,0,0,0,0,1
779,0,0.3129815150585836,-0.9274283049898675,0,1,1,1,0,0,1,0,0,0,0,1
780,1,1.2420069073220767,0.8768369528063462,0,0,0,0,1,0,0,1,0,1,1,0
781,1,-1.3774255896614565,-0.96491222116346,0,1,0,0,0,1,0,0,0,0,0,1
782,1,-1.0281679233969854,2.705370082776397,0,0,0,0,1,0,0,1,0,1,1,0
783,0,0.019605075396427956,0.7142905299788503,0,0,1,0,1,0,1,0,0,1,0,1
784,0,0.3129815150585836,0.23126937920759355,0,1,1,0,1,0,1,0,0,0,1,0
785,0,-0.32965259086804316,-0.9781270898990643,0,1,1,0,1,0,1,0,0,0,0,1
786,0,-0.32965259086804316,-0.9633783524709344,0,1,1,0,1,0,1,0,0,0,0,1
787,1,-0.9408535068308675,-0.9452521541717627,0,1,0,0,1,1,0,0,0,0,0,1
788,0,-1.8139976724920452,0.6497648037307816,0,1,1,1,0,0,0,0,0,0,0,0
789,1,-2.4251985884548697,0.01925627867822516,0,1,1,0,1,0,0,0,0,0,1,0
790,0,1.5039501570204301,0.8768369528063462,0,0,1,0,0,0,1,0,0,1,0,1
791,0,0.3129815150585836,-0.9265065089006095,0,1,1,1,0,0,1,0,0,0,0,1
792,0,-1.115482339963103,0.4193157814162508,1,0,1,0,1,0,1,0,0,0,0,1
793,0,-0.6081855797139589,0.8768369528063462,0,1,0,0,1,1,0,0,0,0,0,0
794,0,0.3129815150585836,0.7656013874913143,0,0,1,0,0,0,1,0,0,0,0,1
795,0,-0.32965259086804316,-0.9157546793155026,0,1,1,0,1,0,1,0,0,0,0,1
796,0,0.8927492410576057,-0.5393521514121976,1,0,1,0,1,0,1,0,0,0,0,1
797,1,1.7658934067187835,0.4140947283666929,0,0,0,0,1,0,0,0,1,1,0,1
798,1,0.1942339085286635,-0.857681525692241,0,1,0,0,1,0,0,1,0,0,0,1
799,0,0.10691949196254573,-0.96491222116346,0,1,1,0,0,0,1,0,0,0,0,1
800,0,0.10691949196254573,0.2828899602060484,0,1,0,0,1,0,0,1,0,0,1,0
801,0,0.4561771582270168,-0.5393521514121976,1,0,1,0,1,0,1,0,0,0,0,1
802,1,0.1942339085286635,0.43775170320141327,1,0,0,0,1,0,0,1,0,0,1,0
803,1,-1.552054422793692,0.8768369528063462,0,0,1,0,1,0,0,0,0,1,1,0
804,1,-0.6081855797139589,-0.8699672239698731,0,1,1,0,0,0,0,0,0,0,1,0
805,1,-0.1550237577358076,-0.9836578664346132,0,1,1,0,1,0,1,0,0,0,0,1
806,0,0.1942339085286635,-0.9246629167220932,0,1,1,0,1,0,1,0,0,0,0,1
807,0,0.8927492410576057,0.8768369528063462,0,0,1,0,1,0,1,0,0,1,0,1
808,0,-0.9408535068308675,-0.9246629167220932,0,1,0,0,1,1,0,0,0,0,0,1
809,0,0.8927492410576057,-0.5393521514121976,1,0,1,0,1,0,1,0,0,0,0,1
810,1,0.36886274166089905,2.4177697029278624,0,0,0,0,1,0,0,1,0,1,1,0
811,0,-0.24233817430192536,-0.9163667519187702,0,1,1,0,1,0,1,0,0,0,0,1
812,0,0.8927492410576057,0.2828899602060484,0,1,1,0,1,0,1,0,0,0,0,1
813,0,0.5434915747931346,-0.7237113692638223,1,0,1,0,1,0,1,0,0,0,0,1
814,0,-1.988626505624281,0.8083137310831788,0,1,0,0,1,1,0,0,0,0,0,0
815,0,0.15057670024560463,-0.9043834027584144,0,1,1,0,1,0,1,0,0,0,0,1
816,0,0.3129815150585836,0.8768369528063462,0,0,1,0,1,0,1,0,0,1,0,1
817,0,-0.5042814240002786,-0.9136013636509956,0,1,0,0,1,1,0,0,0,0,0,1
818,0,0.1942339085286635,1.23080606344939,1,0,1,0,0,0,1,0,0,0,1,0
819,0,1.2420069073220767,-1.0223733021834542,0,1,1,0,1,0,1,0,0,0,0,1
820,0,-1.6393688393598098,0.5594287869834854,0,1,1,0,1,0,0,0,0,0,0,0
821,1,2.027836656417137,0.8768369528063462,0,0,0,0,1,0,0,1,0,1,1,0
822,1,-0.1550237577358076,-0.8592153943847665,0,1,1,0,1,0,1,0,0,0,0,1
823,0,0.805434824491488,0.8768369528063462,0,0,1,0,1,0,0,0,1,0,0,1
824,1,-0.1550237577358076,-0.5780675871610388,0,1,0,0,1,0,0,1,0,1,1,0
825,0,-2.337884171888752,1.428682499153896,0,1,1,0,1,0,0,0,0,0,0,0
826,0,0.3129815150585836,-0.9855014586131294,0,1,1,1,0,0,1,0,0,0,0,1
827,0,0.3129815150585836,2.6681885157200815,0,1,1,0,1,0,1,0,0,0,0,1
828,1,-2.4251985884548697,1.23080606344939,1,0,1,0,0,0,0,0,0,0,1,0
829,1,0.3129815150585836,-0.9265065089006095,0,1,1,1,0,0,1,0,0,0,0,1
830,1,0.6212014055369794,0.8768369528063462,0,0,0,0,1,0,0,1,0,1,0,1
831,1,-1.2027967565292208,-0.43211408157226455,0,1,0,0,0,0,0,1,0,0,1,0
832,1,-2.44004203927111,-0.11532595035346081,1,0,1,0,1,0,0,0,0,0,1,0
833,0,0.3129815150585836,-0.96491222116346,0,1,1,0,0,0,1,0,0,0,0,1
834,0,-0.5042814240002786,-0.9188224167005539,0,1,1,0,1,0,1,0,0,0,0,1
835,0,-0.9408535068308675,-0.8859474809732519,0,1,1,0,1,0,1,0,0,0,0,1
836,1,0.8927492410576057,0.8768369528063462,0,0,0,0,0,1,0,0,0,1,1,0
837,0,-0.6789102571325143,-0.8592153943847665,0,1,1,0,1,0,1,0,0,0,0,1
838,0,0.3129815150585836,-0.9043834027584144,0,1,1,0,1,0,1,0,0,0,0,1
839,1,0.2815483250947813,2.6681885157200815,0,1,1,0,1,0,1,0,0,0,0,1
840,1,0.3129815150585836,0.6921674238366553,0,0,1,0,0,0,1,0,0,1,0,1
841,0,-0.766224673698632,-0.9136013636509956,0,1,1,0,1,0,1,0,0,0,0,1
842,0,-1.115482339963103,-0.7237113692638223,1,0,1,0,1,0,1,0,0,0,0,1
843,1,0.10691949196254573,0.7880342171195002,0,0,0,0,0,1,0,0,0,0,0,1
844,0,0.49983436651007573,-1.0232950982727125,0,1,1,0,0,0,1,0,0,0,0,1
845,0,-1.0281679233969854,-0.8592153943847665,0,1,1,0,1,0,1,0,0,0,0,1
846,0,1.154692490755959,-0.9412552463287394,0,1,1,0,1,0,1,0,0,0,0,1
847,0,0.3129815150585836,0.8768369528063462,0,1,1,0,1,0,1,0,0,0,0,0
848,0,0.5434915747931346,-0.9157546793155026,0,1,1,0,0,0,1,0,0,0,0,1
849,0,-0.06770934116968982,0.9355215914007999,1,0,1,0,1,0,0,0,1,0,1,0
850,1,0.6212014055369794,0.8768369528063462,0,0,0,0,0,0,0,1,0,1,1,0
851,0,-2.1632553387565165,0.8083137310831788,0,1,1,0,1,0,0,0,0,0,0,0
852,0,0.6212014055369794,-0.9246629167220932,0,1,1,0,1,0,1,0,0,0,0,1
853,0,-1.7266832559259275,-0.3737385788317262,0,1,0,0,0,1,0,0,0,0,1,0
854,1,-1.115482339963103,1.407481189100959,0,0,0,0,1,1,0,0,0,1,1,0
855,0,1.3293213238881947,0.4193157814162508,1,0,0,0,1,0,0,1,0,0,1,0
856,1,-0.9408535068308675,-0.8085166094755697,0,1,0,0,1,0,0,1,0,0,1,0
857,1,1.4166357404543124,0.8768369528063462,0,0,0,0,1,0,0,1,0,0,1,0
858,1,1.940522239851019,0.45987480934360825,0,0,1,0,1,0,1,0,0,1,0,1
859,1,-0.41696700743416093,-0.0778420341798686,0,1,0,0,0,0,0,1,0,0,1,0
860,0,0.3129815150585836,-0.96491222116346,0,1,1,0,0,0,1,0,0,0,0,1
861,0,1.0673780741898413,-0.45762202295421534,0,1,1,0,1,0,1,0,0,0,1,0
862,0,-0.6789102571325143,-0.6499676821231725,1,0,1,0,1,0,1,0,0,0,1,0
863,1,1.6785789901526658,0.4140947283666929,0,0,0,0,1,0,0,1,0,1,0,1
864,0,-0.6081855797139589,0.8768369528063462,0,1,0,0,1,1,0,0,0,0,0,0
865,0,-0.41696700743416093,-0.5393521514121976,1,0,1,0,1,0,1,0,0,0,0,1
866,1,1.154692490755959,-0.5393521514121976,1,0,0,0,1,0,0,1,0,0,0,1
867,1,-0.1550237577358076,-0.47605794473937785,1,0,0,0,0,1,0,0,0,0,1,0
868,0,0.1942339085286635,2.225726392876182,0,0,1,0,1,0,1,0,0,1,0,1
869,0,0.3129815150585836,-0.7974550564044721,0,1,1,0,1,0,1,0,0,0,0,1
870,1,-2.1632553387565165,-0.6770094921976487,0,1,1,0,1,0,0,0,0,0,1,0
871,0,-0.24233817430192536,-0.9157546793155026,0,1,1,0,1,0,1,0,0,0,0,1
872,1,1.5912645735865478,2.377520398486496,0,0,0,0,1,0,0,1,0,1,1,0
873,0,0.36886274166089905,-1.1293016485373966,0,0,1,0,1,0,1,0,0,1,0,1
874,0,1.5912645735865478,-0.8343268999747971,0,1,1,0,1,0,1,0,0,0,0,1
875,1,-0.06770934116968982,0.27182840713495104,1,0,0,0,0,0,0,1,0,0,1,0
876,1,-1.2027967565292208,-0.9652219446494507,0,1,0,0,0,1,0,0,0,0,0,1
877,0,-0.766224673698632,-0.7719544893912353,0,1,1,0,1,0,1,0,0,0,0,1
878,0,-0.8535390902647498,-0.9157546793155026,0,1,1,0,1,0,1,0,0,0,0,1
879,0,0.3129815150585836,-0.9157546793155026,0,1,1,0,1,0,1,0,0,0,0,1
880,1,2.3770943226816077,0.8768369528063462,0,0,0,0,0,0,0,1,0,1,1,0
881,1,-0.32965259086804316,0.4193157814162508,1,0,0,0,1,0,0,1,0,0,1,0
882,0,0.36886274166089905,-0.9157546793155026,0,1,1,0,1,0,1,0,0,0,0,1
883,0,-0.5915958405663965,-0.7224798496885734,0,1,0,0,1,1,0,0,0,0,0,1
884,0,-0.06770934116968982,-0.7237113692638223,1,0,1,0,1,0,1,0,0,0,0,1
885,0,-0.32965259086804316,-0.9781270898990643,0,1,1,0,1,0,1,0,0,0,0,1
886,0,0.8927492410576057,0.6497648037307816,0,1,0,1,0,0,0,1,0,0,0,0
887,0,-0.1550237577358076,-0.5393521514121976,1,0,1,0,1,0,0,0,1,0,0,1
888,1,-0.8535390902647498,0.7142905299788503,0,0,0,0,1,1,0,0,0,1,0,1
889,0,-0.6081855797139589,0.23126937920759355,0,1,0,0,1,1,0,0,0,0,1,0
890,1,-0.24233817430192536,0.7142905299788503,0,0,1,0,0,0,1,0,0,1,0,1
891,0,0.2815483250947813,-0.9265065089006095,0,1,1,1,0,0,1,0,0,0,0,1
